name,registration_number
@NGELIC,PS20190001766
18 KARAATS LLP,PS20190001785
1ST GRAND PALACE PTE. LTD.,PS20190001233
1ST JEWELLERY & WATCHES PTE. LTD.,PS20190000264
1ST JEWELLERY (CITY PLAZA) PTE. LTD.,PS20190000261
1ST JEWELLERY (FU LU SHOU) PTE. LTD.,PS20190000151
1ST JEWELLERY (GEYLANG) PTE. LTD.,PS20190000828
1ST JEWELLERY (PPC) PTE. LTD.,PS20190000260
2MOT HOLDING PTE. LTD.,PS20190001605
313 GREEN COLLECTION LLP,PS20190001770
33 CRYSTALS PTE. LTD.,PS20190001007
3N JEWELS PTE. LTD.,PS20190000721
4'C DIAMONDS PTE LTD,PS20190000655
4DOUBLEO PTE. LTD.,PS20190001317
57SOCIETY SINGAPORE PTE. LTD.,PS20190000901
9 LUCKY SHOP PTE. LTD.,PS20190001321
919 NINE ONE NINE,PS20190000221
A BRILLIANT CO SG (PRIVATE) LIMITED,PS20190001480
A JEWELLERY,PS20190000618
A R JEWELLERS PTE. LTD.,PS20190001773
A YSH LLP,PS20190001143
A.K WATCHES ENTERPRISE,PS20190000413
A.P. JEWELLERY PTE LTD,PS20190000420
AA GOLDSMITH PTE. LTD.,PS20190000282
AADYAA SINGAPORE,PS20190000038
ABARA PTE. LTD.,PS20190001380
ABIRAAME JEWELLERS,PS20190001279
ABIRAAME POPULAR JEWELLERS(S) PTE. LTD.,PS20190001165
ABIRRAME NAGAI KADAIS,PS20190001391
ABLE N TRUST (S),PS20190001144
ABSOLUT SILVER,PS20190001222
ABU GEMS,PS20190000802
ACTIVE JEWELLERY TRADER,PS20190000320
ADAH,PS20190000296
ADALINE & AGAMEMNON PTE. LTD.,PS20190000596
ADVANCE DIAMOND TRADING,PS20190000597
ADVENTURE GOLD ORNAMENTS MANUFACTURE AND RE EXPORTS PTE. LTD.,PS20190000779
AESTHETIC BAY PTE. LTD.,PS20190001637
AFGHAN MALAYA TRADING CO. PTE. LTD.,PS20190000488
AFRA GEMS,PS20190000299
AI JEWELLERY,PS20190000485
AICORP INTERNATIONAL PTE. LTD.,PS20190001664
AIK HONG GOLDSMITH,PS20190001359
AIK LEE JEWELLERY,PS20190001533
AINE JEWELLERY (S) PTE LTD,PS20190000733
AKJEWELS PTE. LTD.,PS20190001671
AKSHAYA JEWELLERS PTE. LTD.,PS20190001604
AL AKSA GEMS,PS20190000640
AL ARAB JEWELLERS PTE. LTD.,PS20190000691
AL ARAFATH JEWELLERS PTE. LTD.,PS20190000692
AL FINE GEMS,PS20190000705
ALADDIN'S JEWELS & APPARELS PTE. LTD.,PS20190001075
ALETA CHARM JEWELLERY AND DESIGN,PS20190001151
ALEX AND ANDREA,PS20190000039
ALEXANDRA ALBERTA PTE. LTD.,PS20190001757
ALEXON TRADING (S) PTE LTD,PS20190000951
ALICE CLAUDINE GROUP PTE. LTD.,PS20190000813
ALL ABOUT JADE,PS20190000014
ALL WATCHES PTE LTD,PS20190000727
ALPHA ARROW PTE. LTD.,PS20190000944
ALTO GIOIELLI,PS20190001729
AMANDA W. JEWELLERY,PS20190000356
AMAZON LEATHERS GOODS,PS20190001621
AMDIA PTE. LTD.,PS20190001735
AMETHYISM,PS20190001543
AMETRINE JEWELLERY (1996) PTE. LTD.,PS20190000300
AMULET CULTURE,PS20190001237
AMULETSPEDIA,PS20190001412
AMULETSTHAI,PS20190000903
AN ORDER OF BLING,PS20190000387
ANANDA SOUL PTE. LTD.,PS20190000923
ANGELAURORA LLP,PS20190001168
ANGIE JEWELLERY PTE LTD,PS20190000258
ANGLO PLATINUM MARKETING LIMITED SINGAPORE BRANCH,PS20190000898
ANI MANI PORCHALAI PTE LTD,PS20190000348
ANIDEA J,PS20190000471
ANITA MANGLANI JEWELRY PTE. LTD.,PS20190000021
ANK JEWELLERY PTE. LTD.,PS20190000630
ANN HWEE JEWELLERS & MANUFACTURERS,PS20190001135
ANROM TRADING,PS20190001307
ANSARI GEMS,PS20190000513
ANTEX INTERNATIONAL PTE LTD,PS20190000512
APERKY,PS20190000016
APJ JUWELLER PTE. LTD.,PS20190001711
APM RETAIL (SINGAPORE) PTE. LTD.,PS20190001431
APOLLO GOLDSMITHS PTE. LTD.,PS20190000005
APPLEBAY LEISURE,PS20190001425
ARGENTUM,PS20190000098
ARIELLE FINE WATCHES AND JEWELLERY PTE. LTD.,PS20190001204
ARIHANT JEWELLERS PTE. LTD.,PS20190000879
ARRAYA'S TREASURES,PS20190001102
ARROW ASIA PTE. LTD.,PS20190001791
ARTE ORO PTE. LTD.,PS20190001716
ARTEMIS RINGS PTE. LTD.,PS20190000664
ARTESA DIAMOND & GEMS,PS20190001209
ARTHESDAM JEWELLERY PTE LTD,PS20190001023
ARTISAN ARTELIER,PS20190001276
ARTISAN JEWELLERY (PTE.) LTD.,PS20190001216
ARYA IMPEX PTE. LTD.,PS20190000685
ASHOKA GLOBAL SG PTE. LTD.,PS20190000869
ASIA AFRICA DIAMOND AND JEWELLERY,PS20190000112
ASIA TIMEPIECE CENTRE,PS20190000146
ASIAN ARTISTRY FINE JEWELLERY PTE. LTD.,PS20190001038
ASIAN ARTS & CRAFTS,PS20190001484
ASIAN LEGENDS,PS20190001772
ASIATIQUE FINE JEWELLERY (S) PTE LTD,PS20190000115
ASK JEWELLERY PTE. LTD.,PS20190000177
ASPARA JEWELRY PTE. LTD.,PS20190000116
ASPIAL INTERNATIONAL PTE LTD,PS20190001471
ASPIAL-LEE HWA JEWELLERY PTE. LTD.,PS20190000326
ASPIAL-LEE HWA JEWELLERY SINGAPORE PTE. LTD.,PS20190001309
ASPORY PTE. LTD.,PS20190001741
ATELIER ONE PTE LTD,PS20190001291
ATHENA JEWELS & WATCHES PTE. LTD.,PS20190000167
AUAG INDUSTRIES,PS20190000198
AUCTUS METAL PORTFOLIOS PTE. LTD.,PS20190000803
AUDEMARS PIGUET (SINGAPORE) PTE LTD,PS20190001223
AURA IMAGE CONSULTANCY,PS20190000652
AUSTINMIMY GENERAL TRADERS PTE. LTD.,PS20190001052
AUTIUM PTE. LTD.,PS20190000617
AV PRECIOUS METAL PTE. LTD.,PS20190000267
AVILA CATHOLIC SHOP SINGAPORE,PS20190000941
AVYANNA PTE. LTD.,PS20190001563
AZEN,PS20190001068
B.J. DIAMONDS PTE. LTD.,PS20190000077
B.P. DE SILVA JEWELLERS PTE. LTD.,PS20190001149
BA TIME VENTURE,PS20190000273
BAABULMAS PTE LTD,PS20190000841
BABAA FARID G.S.R. GEMS & JEWELLER,PS20190000067
BACTERIA SECRET,PS20190001528
BAILONG (S) PTE LTD,PS20190001592
BALL WATCH SINGAPORE PTE. LTD.,PS20190001155
BALLY JEWELLERY (SINGAPORE) PTE. LTD.,PS20190000461
BALMO BALTANG FINE JEWELRY,PS20190000432
BAN CHEONG JEWELLERS (PRIVATE) LIMITED,PS20190000318
BAN FOOK JEWELLERY PTE. LTD.,PS20190000895
BANT INTERNATIONAL PTE. LTD.,PS20190001351
BAO HUA GU WAN YU QI HANG,PS20190000165
BAO JEWELLERY,PS20190000362
BAO SHENG JEWELLERY & ORNAMENTS PTE. LTD.,PS20190000680
BAOBAO,PS20190001110
BARAMEE PHRA,PS20190000908
BASS JEWELLERY PTE. LTD.,PS20190001493
BATU PAHAT GOLDSMITH PTE. LTD.,PS20190000155
BAVI GEMS PTE. LTD.,PS20190000516
BD LUXURY PTE. LTD.,PS20190000720
BEADS WORKSHOP,PS20190000999
BEADS.ETC LLP,PS20190001266
BEAU PTE. LTD.,PS20190000842
BEAUTIFUL DIAMOND PTE LTD,PS20190000956
BEAUTY WATCH PTE. LTD.,PS20190000557
BEAUTY WORLD NAM SENG GOLDSMITH,PS20190000870
BEJWL,PS20190000575
BELKIS,PS20190001311
BELKIS IMAN LLP,PS20190001750
BELLAGRAPH SG PTE. LTD.,PS20190000921
BELMONT JEWELLRY PTE. LTD.,PS20190000194
BELPEARL (S) PTE LTD,PS20190001732
BENLENE SINGAPORE,PS20190001540
BENNY DIAMOND,PS20190000530
BENNY'S GEMS CREATIONS CO PTE LTD,PS20190001386
BEZEL'S JEWELLERY,PS20190000703
BHG (SINGAPORE) PTE. LTD.,PS20190001272
BID GLOBAL PTE. LTD.,PS20190001381
BILLION GOLD JEWELLERY,PS20190000536
BINBIN PRIVATE LIMITED,PS20190000982
BISSU INTERNATIONAL FINE GEMS PTE. LTD.,PS20190000469
BITS N PIECES TRADING,PS20190000373
BIYU BULLION PTE. LTD.,PS20190001164
BLACKFRANGIPANI PTE. LTD.,PS20190000753
BLEUE PTE. LTD.,PS20190000734
BLIING PTE. LTD.,PS20190000677
B'LIV JEWELLERY,PS20190000899
BLUE DIAMONDS JEWELLERY PTE. LTD.,PS20190001014
BLU-VISH PTE. LTD.,PS20190001203
BOISSY SINGAPORE PTE LTD,PS20190000591
BONFIELD PRIVATE LIMITED,PS20190001599
BOON CHAI JEWELLERY,PS20190000396
BOON GUAN GOLDSMITH,PS20190000464
BOON LAY GEMS PTE LTD,PS20190000846
BOON LAY GOLDSMITHS & JEWELLERS PTE LTD,PS20190000900
BOON ONN JEWELLERS,PS20190000651
BOUDICA JEWELLERY,PS20190000679
BP GOLD & JEWELLERY,PS20190000452
BR METALS EXCHANGE PTE. LTD.,PS20190000661
BR METALS PTE. LTD.,PS20190000650
BRIDGEMAN PTE LTD,PS20190000831
BRIGHT VISION TRADING INVESTMENTS PTE. LTD.,PS20190001184
BRIGHTIME TRADING ENTERPRISE,PS20190000032
BRIILLARE,PS20190000325
BRILLIANT CRAFT PTE LTD,PS20190001355
BRILLIANT OPALS JEWELLERY,PS20190000087
BRILLIANTIME PTE LTD,PS20190001786
BRONZE AGE,PS20190000124
BUCK CHUA TRADING,PS20190000939
BUKIT TIMAH HENG HENG GOLDSMITH & JEWELLERS (PTE) LTD,PS20190001218
BULGARI SOUTH ASIAN OPERATIONS PTE LTD,PS20190000329
BULLION CAFE PTE. LTD.,PS20190001157
BULLION HARVEST PTE. LTD.,PS20190000856
BULLIONSTAR PTE. LTD.,PS20190000957
BUNKER GROUP PTE. LTD.,PS20190000724
BY WAY ASTROLOGY,PS20190001749
BYSELL COMPANY PTE LTD,PS20190000450
C. T. HOO PTE. LTD,PS20190000767
C.K. TANG LIMITED,PS20190000897
C.S.TIMEPIECE & JEWELLERY,PS20190001576
CACHE PRIVATE LIMITED,PS20190001508
CAI JI JADE AND GEMS HANDICRAFT,PS20190001679
CANDICE JEWELLERY,PS20190000360
CANOPUS MANAGEMENT PTE. LTD.,PS20190001658
CARAT 55 PTE. LTD.,PS20190001011
CARATELL PTE. LTD.,PS20190000117
CARATERS PTE. LTD.,PS20190001673
CASAPURI PTE. LTD.,PS20190001078
CASH BOX JEWELLERY (WEST COAST) PTE. LTD.,PS20190000175
CASH BOX JEWELLERY PTE. LTD.,PS20190000164
CASHVALUE ENTERPRISE PTE. LTD.,PS20190000866
CASSIE JEWELLERY,PS20190000710
CATENA PRIVATE LIMITED,PS20190001612
CAYEJEWELS,PS20190000437
CCQ,PS20190000201
CENTIME PTE. LTD.,PS20190000966
CENTRAL PRECIOUS METALS PTE LTD,PS20190000061
CHAKRA LUXE PTE. LTD.,PS20190000095
CHALERAN MONGKOL,PS20190001796
CHAMPIONTIME GALLERY PTE. LTD.,PS20190001295
CHAN FOON JADE & JEWELLERY,PS20190000402
CHAN KWONG KEE JEWELLERY EQUIPMENT PTE. LTD.,PS20190001146
CHAN WAI JEWELLERY WORKS,PS20190000022
CHARIS GEMS PTE. LTD.,PS20190001666
CHARM DESIGN,PS20190000477
CHAU WAN (KDBFS) GOLDSMITH & JEWELLERY,PS20190000854
CHENG MING HOO JEWELLERY,PS20190000315
CHENNAI GOLDSMITH & JEWELLERY PTE. LTD.,PS20190000171
CHERRY GEMS PTE. LTD.,PS20190001560
CHI YING JEWELLERY,PS20190001087
CHIA HENG TRADING,PS20190000308
CHIN CHEONG GOLDSMITH,PS20190000295
CHIN HENG GOLDSMITH PRIVATE LIMITED,PS20190000036
CHINA ANTIQUE CITY,PS20190001556
CHINA JIA LONG TRADING,PS20190001119
CHIONG KEE TRADING COMPANY,PS20190000128
CHIP LEE JEWELLERY PTE. LTD.,PS20190000106
CHIVALRY JEWELLERY,PS20190001594
CHJ JEWELLERY PTE. LTD.,PS20190000002
CHOCOLATE GEMS,PS20190001491
CHOMEL PTE LTD,PS20190001635
CHONG LEE JEWELLERY TRADING,PS20190000321
CHONG SENG ENTERPRISES (PRIVATE) LIMITED,PS20190000388
CHONGMAN TRADING,PS20190001371
CHOO YILIN ARTISAN JEWELLERY PTE. LTD.,PS20190001782
CHOPARD (ASIA) PTE LTD,PS20190000230
CHOW SANG SANG JEWELLERY COMPANY LIMITED,PS20190001771
CHOW TAI FOOK JEWELLERY SINGAPORE PTE. LTD.,PS20190001172
CHRIS GOLDSMITH & JEWELLERS,PS20190001350
CHRISSIE JEWELLERY,PS20190001054
CHRISTIAN DIOR SINGAPORE PTE LTD,PS20190001482
CHRISTONG JEWELLERY,PS20190000381
CHRISTOPHE JEWELLERY PTE. LTD.,PS20190000791
CHRONO EXCHANGE WATCHES & JEWELLERY PTE. LTD.,PS20190000467
CHRONO GALLERY NINE,PS20190000924
CHRONO95 PTE. LTD.,PS20190000429
CHRONOSWISS ASIA PTE LTD,PS20190000435
CHUAN JEWELLERY,PS20190000408
CHUAN WATCH COLLECTION PTE. LTD.,PS20190000075
CHUAN WATCH ENTERPRISE,PS20190000091
CHUN KEI CRYSTAL JEWELLERY,PS20190000607
CHUNG HWA JADE & JEWELLERY CO,PS20190000353
CIEL JEWELS PTE. LTD.,PS20190000020
CITIZEN WATCHES (H.K.) LIMITED,PS20190000949
CITY LINK ENTERPRISE,PS20190001199
CJ CREATIONS,PS20190000909
CJ DIAMONDS MANUFACTURERS,PS20190001176
CLASSIC JEWELLERY (W) PRIVATE LIMITED,PS20190001270
CLASSICAL WATCH,PS20190000293
CLAUDON GIFT & JEWELRY,PS20190001683
CLUB JEWEL CUSTOMIZED JEWELRY,PS20190000920
CMR GOLD & JEWELLERS (S) PTE. LTD.,PS20190001129
COLEMAR PTE. LTD.,PS20190001590
COLLECTIBLE TRADE GROUP PTE. LTD.,PS20190001058
COMMON MUSE,PS20190001448
CONFETTI BY MUI PTE LTD,PS20190000234
CONTINENTAL JEWELS MANUFACTURERS,PS20190000502
CORALICIOUS,PS20190001568
CORINNE JEWELLERY,PS20190001244
CORTINA WATCH PTE LTD,PS20190000770
CORUM WATCHES SINGAPORE PTE. LTD.,PS20190001419
CORUNDUM INTERNATIONAL,PS20190000367
COSMIC GEMSTONES PTE. LTD.,PS20190001755
COSMOS COMMERCIAL PTE. LTD.,PS20190001663
COUNTER POINT ENTERPRISE,PS20190000745
CRANE GOLD PTE. LTD.,PS20190000317
CREATIVE JEWELLERY STUDIO,PS20190001454
CREATIVE POT PTE LTD,PS20190001586
CROWN COLONY AUCTIONEERS,PS20190001277
CROWN JEWELS BULLION PTE. LTD.,PS20190000634
CROWN JEWELS PTE. LTD.,PS20190000635
CROWNS WATCH AND JEWELLERY PTE. LTD.,PS20190000712
CRYSTAL & KIM,PS20190001631
CRYSTAL GENESIS LLP,PS20190001665
CRYSTAL TIME (SINGAPORE) PTE. LTD.,PS20190000766
CRYSTAL VILLA PTE. LTD.,PS20190001650
CRYSTAL8787,PS20190001147
CRYSTALS CUBE PTE. LTD.,PS20190001638
CSK JEWELLERY & BULLION PTE. LTD.,PS20190001467
CSQUARE J,PS20190001036
CSY INTERNATIONAL PTE. LTD.,PS20190000804
CVOO PTE. LTD.,PS20190000246
CW JEWELS PTE. LTD.,PS20190001640
D' MAGNIFICENT PTE. LTD.,PS20190000312
D&D PEARL & JEWELLERY,PS20190001162
D.S.M. DIAMONDS PTE. LTD.,PS20190001006
DA HUA GU WAN GONG YI HANG PTE. LTD.,PS20190000042
DA KWONG JEWELLERY,PS20190000034
DAGIZ PTE. LTD.,PS20190001323
DAI KENG TRADING PTE. LTD.,PS20190000644
DAMIANI SINGAPORE PTE. LTD.,PS20190000799
DAMINI TRADING PTE. LTD.,PS20190000163
DANNY LOO,PS20190001345
DAROMAX,PS20190000330
DARTARGILE TRADING,PS20190000872
DCL GOLD HOUSE PTE. LTD.,PS20190001506
DE BEERS AUCTION SALES SINGAPORE PTE. LTD.,PS20190000787
DE JEWEL HUB,PS20190000912
DE LOVE PTE. LTD.,PS20190001325
DE PEARL,PS20190000289
DE STIJL PTE. LTD.,PS20190000303
DEEN JEWELLERS PTE. LTD.,PS20190000902
DEEPAK GEMS PTE. LTD.,PS20190001723
DEFRED JEWELLERS PTE. LTD.,PS20190000633
DEGEM PRESTIGE PTE. LTD.,PS20190001731
DEJEWEL GALLERIA PTE. LTD.,PS20190000399
DELACOUR ASIA PACIFIC PTE. LTD.,PS20190001376
DELASAS PTE LTD,PS20190000229
DELUX DIAMOND (S) PTE. LTD.,PS20190001696
DENNI INTERNATIONAL PTE LTD,PS20190001483
DEROCKS TRADING PTE LTD,PS20190000074
DESIJOAN RAINBOW JEWELLERY,PS20190000740
DESTINEE GEMS PTE. LTD.,PS20190000971
DFS VENTURE SINGAPORE (PTE) LIMITED,PS20190000427
DHANYA IMPEX PTE. LTD.,PS20190001700
DIA-GLOBE (SINGAPORE) PTE LTD,PS20190000732
DIAMANTI PER TUTTI SINGAPORE PTE. LTD.,PS20190001421
DIAMOND APPLE CO. PTE. LTD.,PS20190001402
DIAMOND ATELIERS,PS20190001441
DIAMOND CENTRE PTE LTD,PS20190000551
DIAMOND CRAFT PTE. LTD.,PS20190000601
DIAMOND GALLERY PTE. LTD.,PS20190001549
DIAMOND GOLD SILVER ENTERPRISE,PS20190000211
DIAMOND INDUSTRIES JEWELLERY COMPANY PTE. LTD.,PS20190001437
DIAMOND PALACE (S) PTE LTD,PS20190000674
DIAMOND SKY JEWELLERY PTE. LTD.,PS20190000604
DIAMONDLITE INTERNATIONAL PTE. LTD.,PS20190001177
DIAMUNDI PTE. LTD.,PS20190000991
DIANOCHE PTE. LTD.,PS20190000943
DIASQUA S'PORE PTE. LTD.,PS20190001522
DIASTAR PTE LIMITED,PS20190000883
DICKSON GOLDSMITH JEWELS,PS20190001280
DIGIX HOLDINGS PRIVATE LIMITED,PS20190001497
DIGIX PHYSICALS PTE. LTD.,PS20190001793
DIGIX TECHNOLOGIES PRIVATE LIMITED,PS20190001788
DIVINE GEMS & JEWELLERY PTE. LTD.,PS20190001582
DIVINE RAGA,PS20190001492
DJ GOLD PTE. LTD.,PS20190001428
DMY JEWELLERS PTE. LTD.,PS20190001126
DONALD MCARTHY TRADING PTE LTD,PS20190000024
DONG BAO YU YI,PS20190000977
DONG XI NAN PEI PTE. LTD.,PS20190000539
DORAY TRADING PTE LTD,PS20190001397
DOTE,PS20190001667
DRACO DIAMONDS PTE. LTD.,PS20190000162
DRAGO DESIGN PTE. LTD.,PS20190001427
DRAGON GEMS PTE. LTD.,PS20190000268
DRAGONWEI INTERNATIONAL,PS20190001214
DREAM BOX ACCESSORIES PTE. LTD.,PS20190000769
DREAM DIAMONDS PTE LTD,PS20190000526
DS+ PTE. LTD.,PS20190000235
DUALL PTE. LTD.,PS20190001659
DUO BAO XUAN,PS20190000874
DV JEWELLERY,PS20190000346
DYNASTY WATCH PTE LTD,PS20190001179
E & C FINE JEWELLERY LLP,PS20190000344
E & CO JEWELLERY PTE. LTD.,PS20190001308
E79 PRIVATE LIMITED,PS20190000319
EARNEST JEWELRY,PS20190001777
EAST CHEN CONSULTANCY,PS20190001639
EBRONZEAGE PTE. LTD.,PS20190000347
ECLARITY PTE. LTD.,PS20190000253
ECO RING SINGAPORE PTE. LTD.,PS20190000972
ECO-MASTERMELT PTE. LTD.,PS20190000298
ED BULLION PTE. LTD.,PS20190000952
EDDIE'S JEWELLERY DESIGN,PS20190000505
EFFICIENT JEWELLERY INDUSTRY PTE LTD,PS20190000790
E-GLOBAL RECOVERY PTE. LTD.,PS20190001263
EIGHTY EIGHT COMMODITIES PTE. LTD.,PS20190001422
EL.GEE CREATION,PS20190001084
ELEGANCE GOLD & JEWELLERY,PS20190000222
ELEGANCE REPTILE HOUSE PTE LTD,PS20190001426
ELI. J JEWELRY,PS20190000616
ELITE GEMS(SINGAPORE),PS20190001080
ELITE MINERALS & GEMS PTE. LTD.,PS20190000886
ELITE ORNAMENTS PTE. LTD.,PS20190001161
ELITE THAI AMULETS,PS20190000755
ELLIOTT & CARMEN FINE JEWELLERY GROUP LLP,PS20190000343
ELLIOTT AND CARMEN INTERNATIONAL LLP,PS20190000345
ELLIOTT AND CARMEN PTE. LTD.,PS20190000448
ELMS INDUSTRIAL PTE LTD,PS20190001408
ELOI PTE. LTD.,PS20190001775
ELUXZ,PS20190000154
ELVERD PTE. LTD.,PS20190001682
EMBRACE JEWELLERY,PS20190001559
EMHA DIAMOND PTE LTD,PS20190000759
EMILY TAN PTE. LTD.,PS20190000004
EMPEROR WATCH & JEWELLERY (SINGAPORE) PTE. LTD.,PS20190001366
EMPHASIS GOLD PTE. LTD.,PS20190001764
EMPHASIS GROUP,PS20190000371
EMPIRE TREASURES PTE LTD,PS20190000742
ENERGY HEALTH & BEAUTY GEM PTE. LTD.,PS20190001466
ENG TAI JEWELLERY TRADING COMPANY,PS20190001136
ENSHINE JEWELLERY PTE LTD,PS20190000850
ENVIRONMENTAL SOLUTIONS (ASIA) PTE LTD,PS20190001373
ENVY JEWELLERY PRIVATE LIMITED,PS20190000962
ES TRADE & INVESTMENT PTE. LTD.,PS20190001415
ESCADA INTERNATIONAL,PS20190001646
ESSENCE 'N ACCENTS PTE. LTD.,PS20190001616
ESTEEMLINK TRADING PTE. LTD.,PS20190001085
ESUN INTERNATIONAL PTE. LTD.,PS20190001385
EU & CO JEWELLERY PTE. LTD.,PS20190001396
EURASIA DIAMAC (S) PRIVATE LIMITED,PS20190000851
EVA GEMS PTE. LTD.,PS20190001356
EVEREST GOLD PTE. LTD.,PS20190001500
EVEREST JEWELLERY,PS20190000654
EVERGOLD JEWELLERY,PS20190001759
EVERGRANDE TRADING (S) LLP,PS20190000965
EVE'S DIAMOND,PS20190001760
EVNI'S GEMS PTE. LTD.,PS20190000748
EWORKS GLOBAL TECH PTE. LTD.,PS20190000932
EXCEL WATCH CENTER,PS20190000997
EXOTIC GEMS & JEWELLERY PTE LTD,PS20190000905
EXQUISITES JEWELS PTE. LTD.,PS20190000391
FA CHAI JEWELLERS PTE LTD,PS20190000150
FABULOUS DIAMONDS (S) PTE. LTD.,PS20190000053
FACETS SINGAPORE PTE. LTD.,PS20190000486
FAHUNA TRADERS,PS20190001715
FAI JEWELLERY TRADING,PS20190001046
FAMOSI SINGAPORE PTE LTD,PS20190000757
FANG ZHENG TRADING,PS20190000764
FAR EAST GEMS & JEWELLERY,PS20190001249
FAR EAST GEMS IMPORT,PS20190001250
FARA INTERNATIONAL HOLDING,PS20190001617
FASHION PALS PTE. LTD.,PS20190001534
FAT ANVIL STUDIOS,PS20190001246
FATHIMA GEMS & JEWELLERY PTE. LTD.,PS20190000882
FEI CUI YUAN (MYANMAR JADE) TRADING,PS20190001630
FEI LONG CERAMIC,PS20190001158
FELICE JEWELLERY PTE. LTD.,PS20190000284
FENG SHUI REVELATION,PS20190001747
FENG SHUI SHI JIA PTE. LTD.,PS20190001670
FENGSHENGSHUIQI,PS20190001001
FENGSHUI WORLD AUCTION PTE. LTD.,PS20190001678
FENGSHUI WORLD PREMIUM PTE. LTD.,PS20190001739
FENGSHUI WORLD PTE. LTD.,PS20190001684
FEOK LOONG TRADING,PS20190001401
FERVOR PTE. LTD.,PS20190001444
FGM RETAIL PTE. LTD.,PS20190000775
FINE COLOMBIAN EMERALD PTE. LTD.,PS20190000397
FINE DIAMOND PTE LTD,PS20190000062
FINE DISCOVERIES INTERNATIONAL PTE. LTD.,PS20190000354
FINE JEWELS PTE LTD,PS20190000076
FINE TIME,PS20190001236
FINESSE GEMS PTE. LTD.,PS20190000383
FIRSTONE PRECIOUS METALS PTE. LTD.,PS20190000176
FIVE ELEMENTS (WU XING GE) LLP,PS20190001462
FIVE ELEMENTS STORE,PS20190001607
FL JEWELLERY & WATCHES,PS20190001400
FLOWER DIAMOND BOUTIQUE PTE LTD,PS20190000107
FOH HIN TRADING LLP,PS20190000746
FONG XI JADE JEWELLERY,PS20190000088
FOOK SENG TRADING PTE. LTD.,PS20190000538
FORBIDDEN HILL PTE. LTD.,PS20190001340
FORETUNE,PS20190001423
FORTUNE LINK FENGSHUI HOUSE,PS20190000861
FORWAX INTERNATIONAL PTE. LTD.,PS20190001703
FOUNDATION JEWELLERS PTE LTD,PS20190000280
FRAGRANT WOOD HOUSE,PS20190000599
FRANCC,PS20190001591
FRANCK MULLER PTE LTD,PS20190000878
FSW BEDOK MALL PTE. LTD.,PS20190001675
FSW SUNTEC PTE. LTD.,PS20190001707
FU DA JEWELLERY & GOLDSMITH PTE LTD,PS20190000422
FU HENG JEWELLERY PTE LTD,PS20190000083
FU LU SHOU GOLDSMITH JEWELLERS PTE. LTD.,PS20190001016
FU LU SHOU SI MIAN FO PTE. LTD.,PS20190001231
FU XING ANTIQUE SHOP,PS20190001434
FU YAU YUAN JADE WHOLESALE,PS20190000594
FU YUAN HANDICRAFTS,PS20190001730
FULL WIN GEOMANCY CONSULTATION CENTER,PS20190001458
FUNAN JEWELLERY,PS20190000492
FUTANG PTE. LTD.,PS20190000780
FX153 PTE. LTD.,PS20190001041
G&J GOLDSMITHS & JEWELLERY PTE LTD,PS20190000069
G.P JEWELLERY & WATCHES GALLERY,PS20190000541
GAB JEWELLERY,PS20190000306
GAIA JADE & GEMS,PS20190001128
GALANOS JEWEL BOUTIQUES PTE LTD,PS20190001048
GALLERY JEWELLERY PTE LTD,PS20190000468
GASSAN SINGAPORE PTE. LTD.,PS20190001033
GC JEWELLERY PTE. LTD.,PS20190001305
GEE WEE JEWELLERY,PS20190000241
GEK POH GOLDSMITHS & JEWELLERY PTE LTD,PS20190000072
GEM BY GEMS,PS20190000666
GEM CRAFTERS LLP,PS20190001330
GEM LAB SERVICES SINGAPORE PTE. LTD.,PS20190001132
GEM WORLD (S) PTE LTD,PS20190001742
GEMFIELDS SINGAPORE PTE. LTD.,PS20190000973
GEMOBSESSED PTE. LTD.,PS20190001181
GEMS & GOLD JEWELLERY,PS20190001754
GEMS & GOLD PTE. LTD.,PS20190000645
GEMS & TASSELS (PTE.) LTD.,PS20190001215
GEMS AU NATUREL,PS20190000180
GEMS LUCKY IMPEX,PS20190001468
GEMS OF LANKA,PS20190000783
GEMS ORIGIN LLP,PS20190001608
GEMS SHINE,PS20190001513
GEMSTONE TRADING PTE. LTD.,PS20190001736
GEMSTORY WORLD PTE. LTD.,PS20190001352
GEN K INTERNATIONAL PTE. LTD.,PS20190000855
GENESIS GEMS PTE. LTD.,PS20190000084
GENESIS-GLOBAL GEMS & JEWELLERY (SINGAPORE) PTE. LTD.,PS20190000771
GENEVA MASTER TIME MARKETING LLP,PS20190001499
GEOK SENG HANG SENG KEE,PS20190000056
GERALD SINGAPORE PTE. LTD.,PS20190000756
GHOSTBUSTER,PS20190001463
GIA GEMS,PS20190000714
GIAMORE PTE. LTD.,PS20190001717
GIFT TIME PTE. LTD.,PS20190001409
GIFTZHEAVEN,PS20190000688
GINNOYA ENTERPRISE,PS20190000219
GINZA JEWELRY,PS20190000047
GIOIA FINE JEWELLERY PTE. LTD.,PS20190000064
GIOIELLO,PS20190001092
GITA JEWELLERS PTE. LTD.,PS20190001063
GJS INTERNATIONAL PTE. LTD.,PS20190001234
GLAJZ - THG PTE. LTD.,PS20190000474
GLAMOUR CRYSTAL,PS20190001553
GLITTERS JEWELRY PTE. LTD.,PS20190001662
GLITZY TRADING,PS20190000314
GLOBAL GEMS INVESTMENT PTE LTD,PS20190000168
GLOBAL JEWELLERS & GOLDSMITHS PTE. LTD.,PS20190000018
GLOBAL PRECIOUS METALS PTE. LTD.,PS20190001367
GLOBE DIAMONDS SINGAPORE PTE. LTD.,PS20190000772
GLORY GOLDSMITH,PS20190000708
GLOW CRYSTALS,PS20190001488
GLYN JEWELLERY TRADING & DESIGN,PS20190000508
GMT JEWELLERS PTE LTD,PS20190000613
GND IMPEX PTE. LTD.,PS20190001343
GNR INVESTMENTS PTE. LTD.,PS20190001753
GNY,PS20190001267
GOH COLLECTION SPECIALIST,PS20190001238
GOHONA ARTISAN JEWELLERY BY NAHEED AKHTER,PS20190000698
GOLAY PTE LTD,PS20190000992
GOLD & CO. PTE. LTD.,PS20190000623
GOLD AND SILVER JEWELLERY PTE. LTD.,PS20190000520
GOLD ART JEWELLERY,PS20190001478
GOLD CITY JEWELLERY PTE. LTD.,PS20190001304
GOLD COINS JEWELLERY,PS20190000503
GOLD COLLECTION JEWELLERY PTE LTD,PS20190000881
GOLD CONNECTION,PS20190000382
GOLD GLOBAL PTE. LTD.,PS20190000060
GOLD HEART THAI AMULET CENTER,PS20190001792
GOLD HUB JEWELLERY PTE. LTD.,PS20190001629
GOLD JEWEL PTE. LTD.,PS20190000276
GOLD ONLINE PTE. LTD.,PS20190000188
GOLD PURPLE PTE LTD,PS20190001382
GOLD SCALE JEWELS PTE. LTD.,PS20190000423
GOLD STAR RESOURCES PTE. LTD.,PS20190000834
GOLD YONG GOLDSMITH,PS20190000465
GOLDBRIGHT GOLDSMITH PTE LTD,PS20190000281
GOLDEN CHANCE GOLDSMITH PTE LTD,PS20190000030
GOLDEN CITY CLOCK & WATCH DEALERS,PS20190000649
GOLDEN CITY GEMS,PS20190000426
GOLDEN FARM TRADING,PS20190000386
GOLDEN PLAZA JEWELLERY PTE. LTD.,PS20190000534
GOLDEN VILLA JEWELLERY PTE LTD,PS20190000147
GOLDEN WATCH GOLD & JEWELLERY,PS20190000864
GOLDHEART BULLION PTE. LTD.,PS20190001055
GOLDHEART JEWELRY PTE. LTD.,PS20190000495
GOLDIE JEWELLERY,PS20190000527
GOLDLIANCE HUB (SINGAPORE) PTE. LTD.,PS20190000015
GOLDLINK JEWELLERY TRADING,PS20190000632
GOLDMAS JEWELLERY PTE. LTD.,PS20190001009
GOLDMEN JEWELLERY PTE. LTD.,PS20190000970
GOLDMONDI JEWELLERY,PS20190001384
GOLDPLUS ASSETS PTE. LTD.,PS20190000968
GOLDPLUS CAPITAL PTE. LTD.,PS20190001064
GOLDSILVER CENTRAL PTE. LTD.,PS20190001022
GOLDTRADE MANUFACTURER OF SINGAPORE,PS20190000736
GOODWILL WATCH PTE LTD,PS20190001195
GORUDO JEWELLERY PTE. LTD.,PS20190000027
GP REFINERY PTE. LTD.,PS20190001445
GR LUXURY PTE. LTD.,PS20190001213
GRAFF DIAMONDS (SINGAPORE) PTE. LTD.,PS20190000801
GRAND EAST EXPORTS PRIVATE LTD,PS20190000542
GRAND JEWELLERY PTE. LTD.,PS20190000158
GREAT ASIA PACIFIC RESOURCES PTE. LTD.,PS20190001439
GREAT UNITED GOLDSMITH & JEWELLERY PTE. LTD.,PS20190000006
GREEN SURPLUS PTE. LTD.,PS20190001517
GRK GOLD PALACE PTE. LTD.,PS20190001600
GROW MORE INTERNATIONAL PTE. LTD.,PS20190001169
GRT RETAIL INTERNATIONAL PTE. LTD.,PS20190000853
GUAN SIN GOLD PTE. LTD.,PS20190001758
GUARDIAN JEWELS,PS20190000262
H. SENA PTE. LIMITED,PS20190000598
HA JEWELLERS LLP,PS20190000472
HADES PTE. LTD.,PS20190001125
HAI YANG GOLDSMITH,PS20190001178
HALIFAX TRADERS,PS20190001611
HALO & WINGS PTE. LTD.,PS20190001278
HAMARAS TRADING PTE. LTD.,PS20190000658
HAN MENG ANTIQUE WATCHES & COLLECTION,PS20190001122
HAN POH COURT TRADING,PS20190000893
HAN XIANG TRADING,PS20190000135
HANDMADE REPUBLIC PTE. LTD.,PS20190000431
HANDY & HARMAN MANUFACTURING (SINGAPORE) PTE. LTD.,PS20190001037
HANG HONG JEWELLERY,PS20190000582
HANG LUNG JEWELLERY PTE LTD,PS20190000739
HANIFFA JEWELLERS PTE. LTD.,PS20190000415
HANIFFA PTE. LTD.,PS20190000414
HANNAH SAN,PS20190001020
HANYU XUAN,PS20190001072
HAPPY JEWELLERY TRADING MFY CO PTE. LTD.,PS20190000012
HARLYN GEMS & JEWELLERY PTE. LTD.,PS20190000099
HARPER INTERNATIONAL SOLUTIONS (S) PTE. LTD.,PS20190001438
HARRY WINSTON N.A. PTE. LTD.,PS20190001365
HEARD LLP,PS20190001274
HEART TO HEART JEWELLERY PTE. LTD.,PS20190001251
HEET INTERNATIONAL PTE LTD,PS20190000626
HEIRLOOM GALLERY,PS20190001050
HELEN PTE LTD,PS20190000514
HEN SHAN BAO,PS20190000907
HENG BAO JEWELLERY DESIGN,PS20190000327
HENG CHEONG WATCH-CENTRE,PS20190000368
HENG HENG GOLD & DIAMOND JEWELLERY PTE. LTD.,PS20190000304
HENG HENG JEWELLERY PTE LTD,PS20190000079
HENG HENG JEWELRY COLLECTION PTE. LTD.,PS20190000078
HENG JEWELLERY MANUFACTURING AND TRADING,PS20190000532
HENG JOO ENTERPRISE,PS20190001353
HENG LONG CRYSTALS AND HANDICRAFTS,PS20190001597
HENG LONG GOLDSMITHS & JEWELLERS,PS20190001206
HENG SENG JEWELLERS & GOLDSMITHS PTE. LTD.,PS20190000687
HENG WAN JEWELLERY,PS20190000491
HENGYA TRADIND,PS20190000231
HER JEWELLERY PTE. LTD.,PS20190001053
HERAEUS LIMITED,PS20190001154
HERAEUS METALS HONG KONG LIMITED,PS20190001153
HERITAGE GEMS,PS20190000455
HERMES SINGAPORE (RETAIL) PTE LTD,PS20190000236
HESS JEWELLERY,PS20190001433
HEVN & URTH,PS20190000760
HIAP GUAN GOLDSMITHS & JEWELLERS PRIVATE LIMITED,PS20190001098
HIAP SOON GOLDSMITH,PS20190000523
HING AH TRADING (SINGAPORE) PTE. LTD.,PS20190000565
HIR IMPEX,PS20190000384
HIRAA JEWELS PTE. LTD.,PS20190001789
HJ LUXURY PTE. LTD.,PS20190000283
HKN GEMS & DIAMONDS,PS20190001475
HL JEWELS PTE. LTD.,PS20190001324
HNR GOLD TRADING PTE. LTD.,PS20190001510
HO BEE GOLDSMITH & JEWELLERY PTE LTD,PS20190000916
HO BEE JEWELLERY PTE. LTD.,PS20190000917
HO HENG GOLDSMITHS LLP,PS20190000401
HO JEWELLERY,PS20190000934
HO METAPHYSICS & GEOMANCY,PS20190001225
HOCK ANN JEWELLERS (FU LU SHOU) LLP,PS20190000479
HOCK ANN JEWELLERS (THOMSON) LLP,PS20190000481
HOCK ANN JEWELLERS LLP,PS20190000487
HOCK CHEONG JADE & JEWELLERY,PS20190001464
HOCK JEWELLERS,PS20190000065
HOCK SIN TRADING,PS20190001370
HOCK WAH JEWELLERY,PS20190000068
HOLCAM JEWELLERS PTE. LTD.,PS20190001550
HONG LEE YANG SHEN XUAN PTE. LTD.,PS20190001328
HONG SHENG GOLDSMITHS,PS20190000203
HONG TIAN DEPARTMENTAL STORE,PS20190000873
HONG TRADITIONAL CHINESE MEDICAL,PS20190001130
HOROLOGICAL RESTORATION CENTRE PTE LTD,PS20190000048
HOTLOTZ PTE. LTD.,PS20190001021
HOUR BOUTIQUE (S) PTE. LTD.,PS20190001241
HOUSE OF FINE GEMS PTE. LTD.,PS20190001455
HOUSE OF FINE JADES PTE. LTD.,PS20190001456
HOUSE OF FINE JEWELS PTE. LTD.,PS20190001457
HOUSE OF GEMS PTE LTD,PS20190000393
HOUSE OF HUNG (PRIVATE) LIMITED,PS20190000186
HOUSE OF PHUA,PS20190000540
HOUSE OF PRECIOUS STONES,PS20190001632
HOUSE OF WATCH PTE. LTD.,PS20190000555
HUA SENG HENG SINGAPORE PTE. LTD.,PS20190000593
HUANGS JEWELRY,PS20190000715
HUARONG ARTS & CRAFTS PTE. LTD.,PS20190001379
HUAXIN PROCESS,PS20190001442
HUEN'S DIAMOND PTE. LTD.,PS20190000731
HUEN'S JEWELLERY & ARTS,PS20190000670
HUEN'S PTE LTD,PS20190000528
HUEWERKZ,PS20190000572
HUGO LONDON PTE. LTD.,PS20190001625
HUI JEWELLERY PTE. LTD.,PS20190000358
HUI KEE NATURAL CRYSTAL,PS20190001573
HUI POH HANG ENTERPRISE,PS20190000286
HUI YANG GOLD & JEWELLERY,PS20190000374
HUP HENG LIGHT INDUSTRIES,PS20190001200
HUP HENG SILVER AND JADE,PS20190000535
HWA GOLDSMITH & JEWELLERS,PS20190000131
HYNT PTE. LTD.,PS20190001411
I.POISE JEWELS PTE. LTD.,PS20190000937
IBL TRADING PTE LTD,PS20190000808
ICING GIFTS LLP,PS20190001207
IDEAL GEMOLOGICAL LABORATORY PTE LTD,PS20190000240
IDWX PTE. LTD.,PS20190001636
I-FUTURE TIMEPIECES,PS20190000126
IGOLD JEWELLERY,PS20190001509
IIA TECHNOLOGIES PTE. LTD.,PS20190001339
IK INTER TRADING,PS20190000108
ILLUMA HOLDINGS PTE. LTD.,PS20190000975
IMAYO (SINGAPORE) PTE LTD,PS20190000761
IMPRESSIONS JEWELLERY CENTRE PTE LTD,PS20190000119
INCA HOLDINGS PTE. LTD.,PS20190000595
INCENSE PLACE PTE. LTD.,PS20190001781
INDOMETAL CORPORATION (ASIA PACIFIC) PTE. LTD.,PS20190000417
INDUSTRIAL ELECTRONICS PTE LTD,PS20190000788
INFINITI JEWELS PTE. LTD.,PS20190000110
INNOVEZ CAPITAL PTE. LTD.,PS20190001681
INS JEWELLERY,PS20190001752
INSPIRING NETWORK,PS20190001293
INTER DIAM PTE LTD,PS20190000501
INTERGOLD GOLD TRADE (ASIA) PTE. LTD.,PS20190001535
INTERNATIONAL GEMS CO PTE. LTD.,PS20190001689
INTERNATIONAL GOLD WHOLESALERS,PS20190001609
INTERNATIONAL LUXURY TIMEPIECE PTE. LTD.,PS20190000213
INTERNATIONAL PRIME METALS PTE. LTD.,PS20190001257
INTERNATIONAL WATCH ENTERPRISE,PS20190000821
INTL ASIA PTE. LTD.,PS20190001002
I-O & YT PTE LTD,PS20190000659
IPM GROUP PTE. LTD.,PS20190001114
IPPO PRECIOUS SINGAPORE PTE. LTD.,PS20190000529
IPPO SINGAPORE PTE. LTD.,PS20190000011
IROSHINI JEWELLERY,PS20190000073
ISHTARA JEWELLERY PTE. LTD.,PS20190000334
ITAT TRADING PTE. LTD.,PS20190000331
I-TIME ENTERPRISE,PS20190000564
IUNIQ JEWELRY PRIVATE LIMITED,PS20190001332
IVAN JEWELLERY,PS20190000648
IVY MASTERPIECE PTE. LTD.,PS20190000990
J & N JEWELLERY,PS20190000141
J.S JEWELLER'S PTE. LTD.,PS20190001619
J.S. JEWELLERY PTE. LTD.,PS20190000217
JACE & CO. PTE. LTD.,PS20190000706
JACKSON GOLDSMITH & JEWELLER PTE LTD,PS20190000122
JACOB & CO ASIA PTE. LTD.,PS20190001452
JACOB CAPITAL (SIN) PTE. LTD.,PS20190001076
JADE CULTURE LLP,PS20190001025
JADE DYNASTY GALLERY,PS20190000743
JADE FOR YOU YU ZHONG REN,PS20190001148
JADEITE & RARE GEMS GALLERY,PS20190001685
JADEITE CLASSIC PTE. LTD.,PS20190000574
J'ADORN MAISON PRIVATE LIMITED,PS20190001188
JAIPORE JEWELS (1949) PTE. LTD.,PS20190000995
JALEESA JEWELLERY,PS20190000252
JAMYANG JEWELS PTE. LTD.,PS20190001620
JAN ET LEE JOAILLIERS,PS20190000337
JANI GEMS PTE. LTD.,PS20190000857
JANNPAUL PTE. LTD.,PS20190000185
JANUARY JEWELLERY DESIGN,PS20190000922
JC ARTISAN PTE. LTD.,PS20190001657
JCI BULLION & HOLDINGS (SINGAPORE) PTE. LTD.,PS20190000776
JCO JEWELRY PTE. LTD.,PS20190000765
JD JEWELLERY,PS20190000364
J'DIAM TRADING PTE LTD,PS20190000197
JE TAIME JEWELLERS PTE LTD,PS20190000805
JE TAIME JEWELLERY DESIGN & MFG CENTRE PTE LTD,PS20190000800
JEAN PEARL BOUTIQUE,PS20190000812
JEMS AND JEWELLERY,PS20190000294
JEN JEWEL,PS20190001227
JENNIFER GREEN PRIVATE LIMITED,PS20190001485
JEN'S JEWELLERY,PS20190000684
JEWEL COUTURE BY YING PTE. LTD.,PS20190000768
JEWEL DE BELLE,PS20190001320
JEWEL DIAM PTE. LTD.,PS20190001314
JEWEL HOUSE PTE. LTD.,PS20190000237
JEWEL HUB,PS20190001079
JEWEL LAND PTE LTD,PS20190001074
JEWEL MASTER,PS20190000456
JEWEL NEST,PS20190000515
JEWEL PALACE PTE LTD,PS20190001118
JEWEL PENTA,PS20190000619
JEWEL TREE STUDIO,PS20190000145
JEWEL TREND MODE PTE. LTD.,PS20190001694
JEWELLED PATH PTE. LTD.,PS20190000925
JEWELLERY CITY COMPANY PTE LTD,PS20190000719
JEWELLERY HAVEN,PS20190001284
JEWELLERY PALACE PTE. LTD.,PS20190001303
JEWELLERY POINT,PS20190000380
JEWELLERY WORK PTE. LTD.,PS20190000984
JEWELMATCH PRIVATE LIMITED,PS20190000845
JEWELS BY RAKHI,PS20190001476
JEWELS COLLECTION,PS20190000915
JEWELS DEFRED PTE LTD,PS20190001329
JEWELS GALLERIA PTE LTD,PS20190000518
JEWELS HARBOUR TRADING AND MANUFACTURING,PS20190000919
JEWELS@BEE PRIVATE LIMITED,PS20190001702
JEWLOAN CASH EXPRESS,PS20190000605
JG JEWELLERY TRADING PTE. LTD.,PS20190000950
JI XIAN GE,PS20190001551
JI XIAN RU YI,PS20190001211
JIA XIN JADE & GEM HANDICRAFT,PS20190001017
JIAYI JEWELLERY,PS20190000405
JILI GOLDSMITH JEWELLERY PTE LTD,PS20190000552
JIM'S JEWELLERY & GOLDSMITH,PS20190000571
JIN BAO YUAN TRADING,PS20190001547
JIN DIAN JEWEL LLP,PS20190001183
JIN HENG GOLDSMITHS PTE. LTD.,PS20190000003
JIN HUA CHUAN PTE. LTD.,PS20190001584
JIN HUANG BULLION PTE. LTD.,PS20190000824
JIN SING LI TRADING PTE. LTD.,PS20190000001
JIN XING JEWELLERY MANUFACTURER,PS20190000224
JING DI FENG SHUI PTE. LTD.,PS20190000567
JING GEOMANCY LLP,PS20190001192
JING NUO,PS20190001596
JING YEE SETTING JEWELLERY,PS20190001561
JING YU XUAN TRADING,PS20190001240
JIV MANUFACTURER,PS20190001531
JKR RESOURCES PTE. LTD.,PS20190001326
JL HEART,PS20190001337
JOANNE L.,PS20190001182
JOCALIA BY ZENITH AFFAIR PTE. LTD.,PS20190001004
JONY-SUNNY TRADING PTE. LTD.,PS20190001047
JOO HENG GOLDSMITH & JEWELLERS PTE. LTD.,PS20190000573
JOSI GEMS PTE. LTD.,PS20190000093
JOTHI'S GOLD JEWELLERY PTE. LTD.,PS20190001651
JOY COMPANY PTE. LTD.,PS20190001769
JOYALUKKAS JEWELLERY INTERNATIONAL PTE. LTD.,PS20190000797
JOYINFINITY LLP,PS20190001127
JP JEMS PTE. LTD.,PS20190000466
JPEN PTE. LTD.,PS20190000717
JT AUCTION (S) PTE. LTD.,PS20190001519
JU JING XUAN TRADING,PS20190000424
JU XUAN GEOMANCY CONSULTANCY,PS20190001668
JUAN JEWELRY,PS20190001040
JULIANA JEWELLERY PTE. LTD.,PS20190000546
JUMBO GOLD & DIAMONDS PTE. LTD.,PS20190000671
JUN WATCH,PS20190001354
JUST JEWELS,PS20190001089
JW HOROLOGICAL GALLERY,PS20190000136
K B WATCH & JEWELLERY,PS20190000156
K' ONE JEWELLERY,PS20190000019
K STREET,PS20190000963
K.B. LUXURY WATCH AND JEWELLERY,PS20190000441
K.M.S GEMS & JEWELLERY,PS20190001197
K.W WATCHES PTE. LTD.,PS20190001097
K-2 WATCH COMPANY,PS20190000179
KABIR GEMS,PS20190000629
KABOCHON ENTERPRISES,PS20190000443
KADAMBARI JEWELS,PS20190001443
KAI LI HUA TRADING,PS20190001440
KAI LIFE PTE. LTD.,PS20190001542
KAILY DIAMOND JEWELLERY,PS20190000506
KAIREEN GOLDSMITH,PS20190000288
KALLY FENG SHUI STUDIO,PS20190001255
KALOTI JEWELLERY INTERNATIONAL (SINGAPORE) PTE. LTD.,PS20190000558
KAMAKSHI ENTERPRISES,PS20190000369
KAMPUNG MELAYU GOLDSMITH PTE. LTD.,PS20190000272
KANG LI CRYSTALS AND FENG SHUI ENERGY CENTRE,PS20190001695
KARIMSONS GEMS,PS20190000639
KASH COINVERTER,PS20190001643
KAT & DAN JEWELLERY ENTERPRISE,PS20190000494
KAY KWONG JEWELLERY,PS20190001436
KEDAI EMAS KAMPUNG MELAYU PTE. LTD.,PS20190000271
KEE FEE JEWELLERY GOLDSMITH,PS20190000789
KEE HING HUNG PTE LTD,PS20190000111
KEEPSAKE BY RYO LLP,PS20190000023
KEN VINTAGE WATCH,PS20190001588
KENG HENG GOLDTECH PTE LTD,PS20190001496
KGK DIAMONDS SINGAPORE PTE. LTD.,PS20190001615
KHAI YONG HENG GOLDSMITH & JEWELLERS PTE LTD,PS20190001082
KHENG GEMS,PS20190001710
KIAN HENG JADE & JEWELLERY,PS20190000781
KIAT POH GOU TRADING,PS20190001403
KIM BIAN HONG GOLDSMITH,PS20190000173
KIM GUAN GOLDSMITH & JEWELLER,PS20190000172
KIM HENG JEWELLERS AND GOLDSMITHS,PS20190000482
KIM JEWELLERY & WATCHES PTE. LTD.,PS20190000545
KIM KEAT JEWELLERY FACTORY PTE LTD,PS20190001113
KIM KENG GUAN ENTERPRISE PRIVATE LIMITED,PS20190001285
KIM KIONG JEWELLERS,PS20190000480
KIM POH HONG GOLDSMITH (2008) PTE. LTD.,PS20190000473
KIM POH JEWELLERY & TRADING,PS20190000496
KIM SENG GOLDSMITHS & JEWELLERY,PS20190001712
KIM SIANG JEWELLERY INDUSTRIES PTE LTD,PS20190000462
KIM SIONG GOLD & JEWELLER,PS20190000463
KIM WAH JEWELLERY PTE. LTD.,PS20190000028
KIM.T FINE JEWELLERS,PS20190000434
KIN JEWELLERY,PS20190000519
KINCHOS JEWELLERY PTE. LTD.,PS20190001318
KINGER JEWELLERY MANUFACTURER PTE LTD,PS20190000200
KISODO PTE. LTD.,PS20190000454
KIT LEONG GOLDSMITH CO,PS20190000052
KJN PTE. LTD.,PS20190001690
KJT GROUP PTE. LTD.,PS20190001562
KML GEM STONE PTE. LTD.,PS20190001795
KNJ GOLD & METALS PTE. LTD.,PS20190001435
KOH GEMS,PS20190001514
KOH WATCHES ENTERPRISE,PS20190001035
KOI MING ENTERPRISE PTE LTD,PS20190000840
KOI SING JEWELS,PS20190001558
KOLLIDEA,PS20190001070
KONG SEONG CHENG KEE JEWELLERY CO,PS20190000497
KOUMEH PTE. LTD.,PS20190001413
KRISH TREASURE,PS20190001010
KUNST GALLERY,PS20190000940
KUSHINAGARA BUDDHIST CULTURAL PRODUCTS PTE LTD,PS20190001288
KWOK CHOI JADE & GEM CRAFT (PT E) LIMITED,PS20190000225
KWOK LAP JEWELLERIES PTE. LTD.,PS20190001451
KWONG CHEONG GOLDSMITHS & JEWELLERS,PS20190000375
KWONG LEE SOON KEE GOLDSMITH (SINGAPORE) PTE. LTD.,PS20190000849
L & S JEWEL'S DESIGN,PS20190000484
L&G GOLDSMITH - WATCH TRADING,PS20190000339
LA PUTRI PTE LTD,PS20190000795
LA RONDE JEWELLERY CENTRE,PS20190000216
LAI FOOK CHEONG JEWELLERY TRADING CO,PS20190000313
LAI LOY JEWELLERY COMPANY PRIVATE LIMITED.,PS20190000643
LAK SOON GOLDSMITH MANUFACTURES,PS20190000498
LAM LIANG KWANG GOLDSMITH,PS20190000490
LAM MING KAI JEWELLERY DESIGN PTE LTD,PS20190000080
LA-RICHIE JEWELRY PTE. LTD.,PS20190000160
LARRY JEWELRY (1967) PTE. LTD.,PS20190000827
LAUREN X KHOO PTE. LTD.,PS20190000204
LAWSONS PTE. LIMITED,PS20190000248
LAXMI GOLD HOUSE PTE. LTD.,PS20190001342
LAZO JEWELRY,PS20190000665
LE GRAND ELEGANCE,PS20190001363
LE IDEAL CHOICE,PS20190001606
LE SHENG JADEITE LLP,PS20190000442
LE TEMPS ASIA PTE. LTD.,PS20190000656
LE TRUST JEWEL LLP,PS20190000196
LEAN SENG LEE GOLDSMITH,PS20190001062
LEE & LIM INTERNATIONAL,PS20190001212
LEE GEMS & FINE JEWELRY PTE LTD,PS20190001634
LEE HANG JADE & GEM HANDICRAFT,PS20190001641
LEE HENG JEWELLERS,PS20190000233
LEE KAI KWEE BEAUTIFYING JEWELLERY CO,PS20190001030
LEE SEO CHOON WATCH DEALER,PS20190001481
LEELEX PTE. LTD.,PS20190001226
LEGAR JEWELLERY,PS20190000511
LEGEND OF DATO GONG CENTRE,PS20190001686
LEGRAND JEWELLERY,PS20190000433
LEIPO JEWELLERY TRADING,PS20190000359
L'EJADE PTE. LTD.,PS20190001511
LEMONDOT JEWELLERY,PS20190000445
LENG GOLDSMITHS & JEWELLERS,PS20190001602
LEONG LOU TECK (S) PTE. LTD.,PS20190000389
LEONG POH KEE PTE LTD,PS20190000385
LEOW WHOLESALE SINGAPORE,PS20190001346
LES PRECIEUX PTE. LTD.,PS20190001502
L'EXCELLENCE PTE. LTD.,PS20190000586
LH PRECIOUS METALS INVESTMENT PTE. LTD.,PS20190001005
LI FANG GEOMANCY PTE. LTD.,PS20190001186
LIAN HOE GOLD & JADES,PS20190000862
LIAT HENG JEWELLERY & GOLDSMITH PTE. LTD.,PS20190000049
LI-HONG JADE CONCEPTS,PS20190000157
LI-HONG JADE CREATIVE STUDIO,PS20190001504
LIM TSU YINN PTE. LTD.,PS20190001026
LIMGOLD JEWELLERS,PS20190000735
LIM'S JEWELLERY,PS20190001116
LINDENPOD INC. PTE. LTD.,PS20190001103
LING FINE ITALIAN JEWELLERY PTE. LTD.,PS20190000050
LING WEI ZHEN TRADING,PS20190001108
LITTLE SHOPHOUSE,PS20190001341
LIU YUK MING,PS20190000707
LIVLOV,PS20190001698
LIZARD STORM PTE. LTD.,PS20190000794
LK JEWELLERY PTE. LTD.,PS20190001101
LMK DIAMOND PTE. LTD.,PS20190000081
LOANG & NOI PTE LTD,PS20190001583
LOLA B!JOU,PS20190001579
LONG JIANG CHUAN PTE. LTD.,PS20190000927
LONG YUAN PTE. LTD.,PS20190001388
LONGTIME TRADING,PS20190001714
LOONG SHING GOLDSMITH PTE. LTD.,PS20190001173
LOSHI FENG SHUI CONSULTANCY,PS20190001302
LOTUS ARTS DE VIVRE (S) PTE LTD,PS20190001578
LOUIS D'LON (S) PTE LTD,PS20190000550
LOUIS VUITTON (SINGAPORE) PTE. LTD.,PS20190001369
LOVE & CO. INTERNATIONAL PTE. LTD.,PS20190000587
LOVE & CO. PTE. LTD.,PS20190000569
LOVE JEWELLERY PTE. LTD.,PS20190001776
LOVE LINK JEWELLERY PTE. LTD.,PS20190001069
LOVE THY HOME,PS20190000390
LOVELOTSDIAMOND PTE. LTD.,PS20190001762
LOVESIGNIA,PS20190001474
LPM AMULETS,PS20190001743
LTNG ENTERPRISE,PS20190001737
LU JEWELLERY ENTERPRISES,PS20190000129
LU-ANN VINTAGE COLLECTION,PS20190001518
LUCKY GALLERY,PS20190000340
LUCKY JEWELLERY,PS20190001544
LUCKY TIME,PS20190000852
LUCKY WATCH PALACE PTE. LTD.,PS20190000702
LUK FOOK JEWELLERY & GOLDSMITH (SINGAPORE) PTE. LTD.,PS20190000449
LULU CHANG JEWELS PTE. LTD.,PS20190000888
LUSTRE JEWELLERY,PS20190001335
LUSTRE SINGAPORE TRADING,PS20190000195
LUVENUS JEWELLERY PTE. LTD.,PS20190001045
LUXCOLLATE PTE. LTD.,PS20190001705
LUXE LABELS PTE. LTD.,PS20190000673
LUXE MONTRE PTE. LTD.,PS20190001765
LUXE TREASURES PTE. LTD.,PS20190000509
LUXIEE PTE. LTD.,PS20190000210
LUXURY TIME PTE. LTD.,PS20190001299
LUXURY WATCH ASSETS INTERNATIONAL PTE. LTD.,PS20190000675
LVMH WATCH & JEWELLERY SINGAPORE PTE LTD,PS20190001315
LW SUPPLIES ENTERPRISE,PS20190000806
LYNN JEWELLERY & WATCHES,PS20190000055
M AND B SG PTE. LTD.,PS20190001389
M B JEWELRY,PS20190001364
M H JEWELLERY DESIGN CENTRE,PS20190000896
M&D GOLDSMITH AND TRADING,PS20190000696
M.S JEWELLERS PTE. LTD.,PS20190001626
MAARZ PEARLS,PS20190001536
MACROPAC SYSTEM PTE LTD,PS20190000316
MADE BY JULES,PS20190001507
MADLY PTE. LTD.,PS20190000489
MADURAS JEWELLERY PTE. LTD.,PS20190000562
MAGPIE'S GEMS,PS20190001546
MAHESH & CO PTE LTD,PS20190000207
MAHIKA,PS20190001394
MAI JOAILLERIE PTE. LTD.,PS20190000250
MAITRISE,PS20190000144
MALABAR GOLD & DIAMONDS PTE. LTD.,PS20190001361
MALUKU PEARLS (S.E.ASIA),PS20190000086
MANAA TRADING PTE. LTD.,PS20190001029
MARCO POLO GOLDSMITH (S) PTE LTD,PS20190000351
MARC'S BROKERAGE,PS20190000451
MARENA IMPORT & EXPORT PTE. LTD.,PS20190001498
MARILYN TAN JEWELLERY PTE. LTD.,PS20190001230
MARINA GOLDSMITH & JEWELLERY PTE LTD,PS20190000256
MARITSA INTERNATIONAL PTE. LTD.,PS20190001656
MARK HUEN JEWELLERY,PS20190000342
MARODENKEL DIAMOND PTE. LTD.,PS20190000865
MARSILING JEWELLERY,PS20190000123
MARTIN JEWELLERY,PS20190000978
MARTIN LUXURY PTE. LTD.,PS20190001071
MARTIN SOON ANTIQUE HOUSE,PS20190000892
MARUTA PTE. LTD.,PS20190000132
MASON JEWELLERY MANUFACTURING & TRADING,PS20190000844
MASTER CASTING JEWELLERY,PS20190000483
MASTERPIECE JEWELLERY,PS20190000174
MASTERPIECE TIME & JEWELS PTE. LTD.,PS20190001347
MATERION SINGAPORE PTE. LTD.,PS20190000994
MAUBOUSSIN SINGAPOUR PTE LTD,PS20190001268
MAVIN INTERNATIONAL PTE LTD,PS20190001374
MAXI-CASH JEWELLERY GROUP PTE. LTD.,PS20190000825
MAXI-CASH RETAIL PTE. LTD.,PS20190001220
ME HENG JEWELLERY PTE. LTD.,PS20190000725
MEE NAH HOLDINGS PTE. LTD.,PS20190001290
MEENA GOLD JEWELLERS,PS20190000209
MEGASPEED SERVICES PTE. LTD.,PS20190000744
MEI JING CRYSTALS,PS20190001718
MEI SENG JEWELLERY & GOLDSMITH,PS20190001243
MEI SIN GOLDSMITH & JEWELLERY,PS20190000440
MEI ZHI JEWELLERY,PS20190000416
MEIYA JEWELLERY & TRADING,PS20190000820
MEMORIA COLLECTION,PS20190001202
MENANG JEWELLERY TRADING,PS20190001566
MERACAI PTE. LTD.,PS20190000662
MERCURY LASER ENGRAVERS,PS20190001392
MERCY GEMS,PS20190000584
MERLIN GOLDSMITH & JEWELLERY PTE LTD,PS20190000007
METAL MARKET ASIA PTE. LTD.,PS20190001258
METALOR TECHNOLOGIES SINGAPORE PTE. LTD.,PS20190000798
MEWAH JEWELLERY PTE. LTD.,PS20190001142
MEYER JEWELLERY,PS20190000104
MEYSON JEWELLERY PTE LTD,PS20190000226
MEYSON TRADING AND DESIGN PTE LTD,PS20190000114
MICHAEL TRIO PTE. LTD.,PS20190000914
MIDAS NOIR STUDIOS,PS20190000138
MIDTRAN LLP,PS20190001383
MIKIMOTO JEWELLERY (SINGAPORE) PTE. LTD.,PS20190000948
MILLENNIUM HANDICRAFTS,PS20190001248
MILLION GOLDSMITHS AND JEWELLERS ROCHOR (S) PTE LTD,PS20190000826
MING FANG ANTIQUE HOUSE,PS20190001049
MING FENG TRADING,PS20190000754
MING LIP JEWELLERY TRADING,PS20190000478
MING SENG (JOO CHIAT) GOLDSMITH,PS20190000113
MING SON JEWELLERY PTE. LTD.,PS20190000880
MING WATCHES,PS20190001660
MINGJING JEWELRY PTE. LTD.,PS20190000847
MINGOLD JEWELRY TRADING,PS20190000581
MING'S JEWEL,PS20190001260
MINH ANH INTERNATIONAL PTE. LTD.,PS20190000911
MINORA JEWELS PTE LTD,PS20190000127
MITSUBISHI MATERIALS TRADING CORPORATION,PS20190001628
MIX & MATCH MERCHANDISE,PS20190000695
MMA JADE & GEMS GENERAL TRADING PTE. LTD.,PS20190001704
MO LI HUA WATCHES & JEWELLERY PTE. LTD.,PS20190001134
MODERN ART INTERNATIONAL,PS20190000609
MODERN FENGSHUI PTE. LTD.,PS20190001676
MOGOK INTERNATIONAL PTE LTD,PS20190001647
MOGOK ROAD LLP,PS20190000531
MOISS JEWELRY PTE LTD,PS20190000239
MOKARI JEWELLERY PTE LTD,PS20190000328
MOLTENORE PTE. LTD.,PS20190001261
MONETARIUM (SINGAPORE) PTE LTD,PS20190000615
MONETARIUM AUCTIONS,PS20190000614
MONEYMAX JEWELLERY PTE. LTD.,PS20190001061
MONGKON AMULETS,PS20190001713
MOONLIGHT JOAILLERIE,PS20190001013
MORE THAN DIAMONDS,PS20190000425
MORGAN STANLEY CAPITAL GROUP (SINGAPORE) PTE.,PS20190001473
MTS ARTS LLP,PS20190000214
MTS GOLD GLOBAL TRADING PTE. LTD.,PS20190000837
MUCHAS INTERNATIONAL PTE. LTD.,PS20190000875
MUI HENG JEWELLERS PTE. LTD.,PS20190000704
MUKUTHI CORNER,PS20190001205
MUKUTHI CORNER TRADING LIMITED PARTNERSHIP,PS20190000887
MULIA PTE. LTD.,PS20190001019
MULTIFARIOUS ENTERPRISE PTE. LTD.,PS20190001107
MUM'S HOLDINGS,PS20190001740
MUS.ZA PTE. LTD.,PS20190001724
MUSTAFA'S PTE LTD,PS20190000833
MY FAVOURITE COLOURS,PS20190000860
MY GEM WORKSHOP,PS20190000333
MY PRECIOUS GEM,PS20190001725
MY PRIVATE JEWELLER PTE. LTD.,PS20190000967
MYDESIGN OF GEMS PTE. LTD.,PS20190001042
MYER'S JEWELLERY @ CHINATOWN PTE. LTD.,PS20190000953
MYLITTLEJEWELS,PS20190001296
MYRRH,PS20190001269
MYSMARTGOLD BULLION PTE. LTD.,PS20190000355
MYSTERY CHINESE GEOMANCY SPECIALIST CENTRE,PS20190001245
MYSTIC JEWELLERS PTE. LTD.,PS20190000066
MYSTIQUE GEMS,PS20190000096
NA TONG,PS20190000904
NAGA ARTS & ANTIQUES,PS20190000602
NAM LOONG JEWELLERY PTE LTD,PS20190000636
NANKING WATCH DEALER,PS20190001644
NANYANG JADE & JEWELLERY PTE. LTD.,PS20190000694
NANYANG RELIGIOUS ARTIFACTS PTE LTD,PS20190001601
NASH JEWELLERY MANUFACTURERS & WHOLESALERS (PTE) LTD,PS20190001327
NATIONAL GOLD AND SILVER (SINGAPORE) PTE. LIMITED,PS20190001523
NATURAL FEI CUI,PS20190000140
NATURAL GEMS HOUSE OF AGATE,PS20190001294
NATURE 'S TREASURES,PS20190001259
NATURES TREASURE LIMITED LIABILITY PARTNERSHIP,PS20190000961
NAZIM BROTHERS PTE LTD,PS20190000336
NBMV RETAIL PTE. LTD.,PS20190001194
NEELAM LARA DESIGNS,PS20190001105
NEORECOV PTE. LTD.,PS20190001420
NEPTUNE METAL PTE. LTD.,PS20190001405
NEW CITY JEWELLERY & WATCHES,PS20190000785
NEW LIGHT ENTERPRISES,PS20190000290
NGEE HOE JEWELLERY PTE LTD,PS20190000964
NGEE KEONG ANTIQUE WATCH,PS20190001239
NGEE KEONG WATCH DEALER,PS20190000610
NGEE SOON ENTERPRISE TRADING,PS20190000142
NGEE SOON JEWELLERY PTE LTD,PS20190000070
NIESSING ASIA PACIFIC PTE. LTD.,PS20190000592
NILGIRI'S JEWELLERS PTE LTD,PS20190000275
NIVAS ASTROLOGY & RESEARCH PTE. LTD.,PS20190000660
NIVESH INVEST PTE. LTD.,PS20190000583
NJI PTE. LTD.,PS20190000085
NJOII INTERNATIONAL PTE. LTD.,PS20190000958
NOEL GIFTS INTERNATIONAL LTD.,PS20190001187
NOOR IMPEX PTE. LTD.,PS20190001106
NORA LOFT,PS20190000580
NOTE JEWELLERY,PS20190000566
NOXY JEWELLERY PTE. LTD.,PS20190000058
NUMIS LEE BANKNOTES,PS20190001265
NUMISMATIC SOCIETY (ASIA),PS20190001545
NURMAS LLP,PS20190000641
NUWAGEMS,PS20190001575
ODOROKI STUDIO,PS20190001744
OLE LYNGGAARD COPENHAGEN (SG) PTE. LTD.,PS20190000709
OLIVIO ACCESSORIES,PS20190001111
OLYMPIC GEMS COMPANY,PS20190000543
ON CHEONG COMPANY PRIVATE LIMITED,PS20190000017
ONE OUNCE,PS20190000228
ONE'S TREASURE PTE. LTD.,PS20190001395
ONLY4DANNY,PS20190000611
ORANGE DIAMONDS,PS20190000560
ORIENT GOLDSMITHS & JEWELLERS (PRIVATE) LIMITED,PS20190000438
ORIENTAL FORTUNE 21,PS20190001572
ORIENTAL TREASURES,PS20190000974
ORLOV PTE. LTD.,PS20190001099
ORO D'ITALIA PTE. LTD.,PS20190000758
OVERSEAS EMPORIUM (PRIVATE) LIMITED,PS20190000762
P&C JEWELLERY DESIGN,PS20190000838
P.HO CREATIONS,PS20190000631
PACIFIC TIME PTE LTD,PS20190001170
PANDORA JEWELRY SINGAPORE PTE. LTD.,PS20190000885
PARRY JEWELLERY HANDCRAFTS PALACE,PS20190001571
PARTHNON DERIVATIVES PTE. LTD.,PS20190001648
PARWAL PTE. LTD.,PS20190001569
PASSION JEWELLERY INTERNATIONAL PTE. LTD.,PS20190000579
PASSION JEWELLERY MANUFACTURING,PS20190001581
PASSIONS PTE. LTD.,PS20190001728
PASSIONS WATCH EXCHANGE PTE. LTD.,PS20190001746
PAU HUAT JEWELLERY,PS20190000525
PAU SHENG GOLDSMITH & JEWELLERY,PS20190000510
PAU SIN GOLDSMITHS & JEWELLERY,PS20190000301
PAVE STUDIO,PS20190001163
PAVONINE HOUSE,PS20190000728
PD BROADCAST PTE. LTD.,PS20190001253
PEARL FALCO ISE SHIMA JAPAN PTE. LTD.,PS20190001185
PEARL FALCO PTE.LTD.,PS20190000470
PEARL ORIENT & GEMS PTE LTD,PS20190001217
PEM IMPEX PTE. LTD.,PS20190000843
PENG KWEE WATCHES AND JEWELLERY PTE LTD,PS20190000763
PENTAGON GEOMANCY CENTRE,PS20190001645
PERFECT ANTIQUES & JEWELLERY GALLERY PTE. LTD.,PS20190000544
PERFECT CRYSTAL,PS20190001516
PERFECT JADEITE,PS20190000094
PERLEI,PS20190001254
PERLOTA PTE. LIMITED,PS20190000858
PERRARUS FINE JEWELS,PS20190001104
PERSUASION PTE. LTD.,PS20190000867
PETER LEE JEWELLERY,PS20190000817
PHOTIZO PTE. LTD.,PS20190001065
PINK DIAMOND JEWELLERY DESIGN,PS20190000998
PLATIM JEWELRY PTE. LTD.,PS20190001152
PLAZA GEMS CO PTE. LTD.,PS20190001515
PLB INTERNATIONAL TRADING PTE. LTD.,PS20190001232
PNG TIMEPIECE SERVICES,PS20190001745
PNG WATCH DEALER,PS20190001300
PO SHING GOLDSMITHS AND JEWELLERY,PS20190000054
POH FOK JEWELLERY PTE LTD,PS20190001034
POH HENG JEWELLERY (PRIVATE) LIMITED,PS20190000323
POH JADE HONG,PS20190001751
POH JOO TRADING,PS20190000137
POH KIM JEWELLERY TRADING,PS20190000092
POH LI MEI JEWELLERY,PS20190000274
POH LONG TRADING PTE LTD,PS20190000287
POH NAM GOLDSMITH & WATCH SHOP,PS20190000097
POH SENG JEWELLERS PTE. LTD.,PS20190000868
POH YONG GOLDSMITH,PS20190000178
POLAR GEMS PTE. LTD.,PS20190001652
POLAR GROUP HOLDINGS PTE LTD,PS20190000046
POLY JADE AND JEWELLERY,PS20190000109
POOJA DIAMOND,PS20190000585
POU IOK JEWELLERY,PS20190001570
POWOLI JADE & GEMS,PS20190000332
PRATIK DIAMOND (S) PTE. LTD.,PS20190001595
PRECIOUS GOLD JEWELLERS & GOLDSMITH PTE LTD,PS20190000059
PRECIOUS LIFETIME MEMORIES,PS20190001669
PRECIOUS METALS INTERNATIONAL (SINGAPORE) PTE. LTD.,PS20190000946
PRECIOUS STONES INDUSTRY,PS20190000751
PRECIOUS TRADE CONSORTIUM PTE. LTD.,PS20190000341
PRECISION WATCH ENTERPRISE,PS20190000910
PREETI'S ELDORADO SILVER GOODS,PS20190001655
PREMIER JEWELLERY MOUNTING PTE. LTD.,PS20190001580
PRETHIVEE PTE. LTD.,PS20190001778
PRIME GEMS (S) PTE LTD,PS20190001613
PRIME RATE MARKETING SERVICES PTE LTD,PS20190001175
PRIMITIVE ART PIERCING & TATTOO PTE. LTD.,PS20190000938
PRINCESS JEWELLER,PS20190000588
PRINCESS JEWELLERY,PS20190001003
PRISTINE TIMEPIECES PTE. LTD.,PS20190000700
PROPER PEOPLE DESIGN PRIVATE LIMITED,PS20190001140
PRUDENTIAL JEWELLERY DESIGN & TRADING PTE. LTD.,PS20190000737
PUNNO GOLD & DIAMOND PTE. LTD.,PS20190001624
PUREGOLD SINGAPORE PTE. LTD.,PS20190001587
PUREGOLD.SG PTE. LTD.,PS20190000352
PUTERI CLARKE PTE. LTD.,PS20190001642
PYGMALION PTE. LTD.,PS20190001264
QI GIFTS & SOUVENIRS,PS20190001141
QI RONG JEWELLERY,PS20190000184
QI YU CRYSTAL TRADING,PS20190000979
QIAN YUN FUNG SHUI,PS20190001530
QUALITY COINS,PS20190001577
QUEEN'S JEWELLER PTE LTD,PS20190000682
QUEENS WORLD,PS20190000556
QUINN & HAN,PS20190000559
R Y ANTIQUE SHOP,PS20190001520
R.E.D.S ATELIER,PS20190001282
RACHEL P JEWELS PTE LTD,PS20190000045
RADIANCE GEMS PTE. LTD.,PS20190001529
RAFE TRADINGS,PS20190000187
RAFFEMET PTE LTD,PS20190000810
RAFFLES GEMLAB,PS20190000190
RAFFLES JEWELLER PTE LTD,PS20190001398
RAFFLES WATCH,PS20190001056
RAJA KINGS GOLDSMITH AND JEWELLERS PTE. LTD.,PS20190000447
RAMBUTI PTE. LTD.,PS20190000876
RARE GEMS ASIA PTE. LTD.,PS20190000193
RARE JEWELS & COMPANY PTE LTD,PS20190000411
RASHID RAMLEE SUPPLY CENTRE,PS20190000983
RAYMOND'S GEMS INVESTMENT,PS20190001198
REAL GEMS & JEWELLERY,PS20190000366
REALLY LUCKY JEWELLERY PTE. LTD.,PS20190000249
REARDEN METALS PTE. LTD.,PS20190001538
RED NAGA BODHI,PS20190000877
REDCOM MICROTEL INTERNATIONAL PTE. LTD.,PS20190001191
REFULGENT JEWELLERY TRADING,PS20190000419
REN MAKER PTE. LTD.,PS20190001100
REN TING TRADING PTE. LTD.,PS20190001190
REVIE PTE. LTD.,PS20190000890
REVIVAL VINTAGE JEWELS & OBJECTS PTE. LTD.,PS20190000103
REZILIENZ PTE. LTD.,PS20190001593
RI LUXURY PTE. LTD.,PS20190001627
RICHARD HUNG JEWELLERS (PRIVATE) LIMITED,PS20190000161
RICHARD MILLE (S) PTE. LTD.,PS20190001486
RICHEMONT LUXURY (SINGAPORE) PTE. LTD.,PS20190000774
RICK YEE FENGSHUI CONSULTANCY,PS20190001524
RIO DIAMONDS PTE. LTD.,PS20190000625
RIO JEWELLERY MANUFACTURING,PS20190000718
RISH GEMS PTE. LTD.,PS20190000926
RISIS PRIVATE LIMITED,PS20190001271
ROBINSON & COMPANY (SINGAPORE) PRIVATE LIMITED,PS20190001722
RODIAM PTE. LTD.,PS20190000026
RODINIA PTE. LTD.,PS20190001171
ROLEX SINGAPORE PRIVATE LIMITED,PS20190000829
ROSSWATCH PRIVATE LIMITED,PS20190001692
ROYAL BLUE PTE. LTD.,PS20190000100
ROYAL CROWN WATCHES,PS20190000406
ROYAL DRAGON JEWELLERY PTE LTD,PS20190000730
ROYAL INSIGNIA PTE LTD,PS20190000930
ROYAL JEWELLERY & TRADING,PS20190000638
ROYAL JEWELLERY PTE. LTD.,PS20190001720
ROYALBOND PTE. LTD.,PS20190001521
ROYALKING JEWELLERY PTE LTD,PS20190000436
RTG CREDIT (S) PTE. LTD.,PS20190001306
RU YI CRYSTAL,PS20190001734
RU YI PALACE PTE. LTD.,PS20190001399
RU YI XUAN,PS20190000986
RUBIN INVESTMENTS PTE. LTD.,PS20190000547
RUBINA WATCH COMPANY (PRIVATE) LIMITED,PS20190000553
RUDRAKSHAS FOR EVERYONE,PS20190001039
S AND W JEWELLERY MANUFACTURER,PS20190000476
S. VINODKUMAR INTERNATIONAL PTE. LIMITED,PS20190001150
S.E.A. BULLION PTE. LTD.,PS20190001159
S.M.JEWELS PTE LTD,PS20190000668
S.T. WATCH & JEWELLERY,PS20190000936
SAI EXPORTS PTE. LTD.,PS20190001313
SAINT PATRICK'S,PS20190000035
SAKTHI SANGEETHA,PS20190001027
SALAD LLP,PS20190001362
SALALO AMOT,PS20190001156
SAM EXPRESS JEWELLERY TRADING,PS20190001109
SAN PYA GLOBAL PTE. LTD.,PS20190001697
SANA GEM INTERNATIONAL PTE. LTD.,PS20190000278
SANCY JEWELLERY,PS20190001235
SANYIN FINE JADE & GEMS PTE. LTD.,PS20190000815
SANYIN JADE & GEMS COLLECTION PTE. LTD.,PS20190000814
SARA TASEER FINE JEWELLERY PTE. LTD.,PS20190000259
SATYA JEWELLERY PTE LTD,PS20190000627
SAXIFRAGE,PS20190001693
SE ASIA CONSULTING PTE. LTD.,PS20190000206
SEASONS TIME (HFC) PTE. LTD.,PS20190001527
SEASONS TIME PTE. LTD.,PS20190001418
SEASONS TIME WATCHES PTE. LTD.,PS20190001526
SECONDS & MINUTES TIMEPIECES PTE. LTD.,PS20190000701
SECRET CLOVERS,PS20190001567
SELVASEGARA JEWELLERS,PS20190000191
SENG HUAT GOLDSMITHS,PS20190001489
SENZONI PTE. LTD.,PS20190000836
SG AMULET CERTIFICATION CENTER PTE. LTD.,PS20190001677
SG E-AUCTION PTE. LTD.,PS20190000428
SG LIO PTE. LTD.,PS20190001548
SG WATCH MALL PTE. LTD.,PS20190001301
SG WATCHES,PS20190000816
SGC MANUFACTURING PTE. LTD.,PS20190001286
SGH PTE. LTD.,PS20190000947
SHAILDIAM LLP,PS20190000793
SHALIHA GEMS PTE LTD,PS20190000689
SHANG SHAN QIAN,PS20190000976
SHEEN ENTERPRISES PTE LTD,PS20190000041
SHENG CHUAN TRADING,PS20190001133
SHENG WANG JEWELLERY CASTING,PS20190000377
SHENG XING LIMITED LIABILITY PARTNERSHIP,PS20190000723
SHERRY JADE & GEMS,PS20190001654
SHI ZHONG BAO PTE. LTD.,PS20190001229
SHIANG LIN JEWELLERY MANUFACTURING,PS20190000493
SHIN TAT GOLD & WATCHES ENTERPRISE,PS20190000212
SHINE GEMS & JEWELLERY PTE. LTD.,PS20190001368
SHING HENG WATCH & JEWELLERY PTE. LTD.,PS20190000430
SHINING POINT JEWELLERY,PS20190001057
SHOU SHAN MIAO CHUAN,PS20190001115
SHUANG HUA GU WAN GONG YI HANG,PS20190000166
SHUANG HUA ZHU BAO HANG,PS20190000089
SIAHAAN & HSU PTE. LTD.,PS20190001429
SIAM GEM PALACE,PS20190000292
SIANG HOA JEWELLERY ENTERPRISES PTE. LTD.,PS20190000683
SIANG HOA JEWELLERY PTE. LTD.,PS20190000263
SIANG HUAT JEWELLERY TRADING,PS20190000349
SIANG SENG JEWELLERY & ANTIQUE TRADING,PS20190001018
SILVER AFFINITY PTE. LTD.,PS20190000676
SILVER BULLION PTE. LTD.,PS20190001043
SILVER JEWELLERY,PS20190000350
SILVER TRADE.COM,PS20190001297
SILVERA,PS20190001124
SILVERAG PRIVATE LIMITED,PS20190000202
SILVERTWIG,PS20190000227
SILVERWORKS PTE. LTD.,PS20190000309
SIMON WATCH AND JEWELLERY PTE. LTD.,PS20190000713
SIMON WATCH SERVICE CENTRE,PS20190001699
SIMONE JEWELS COUTURE PTE. LTD.,PS20190000969
SIMONE JEWELS PTE. LTD.,PS20190000955
SIN CHEW CHINESE CULTURAL PRODUCTS SUPERMART PTE LTD,PS20190001377
SIN CHONG GOLDSMITH,PS20190000118
SIN LONG INTERNATIONAL TRADING PTE. LTD.,PS20190001794
SIN MEE GOLDSMITH & JEWELLERY,PS20190001093
SIN POH COURT TRADING,PS20190001201
SIN TER MAY PTE. LTD.,PS20190000929
SINCERE WATCH LIMITED.,PS20190000522
SINEX PTE. LTD.,PS20190000750
SING JEWELLERY,PS20190000244
SINGAPORE DIAMOND RESEARCH INSTITUTE PTE. LTD.,PS20190000554
SINGAPORE FINEST GOLD PTE. LTD.,PS20190000029
SINGAPORE GEMS & METALS CO (PTE) LTD,PS20190001083
SINGAPORE GOLD MART JEWELLERY,PS20190001653
SINGAPORE GOLDSMITH & JEWELLER,PS20190001289
SINGAPORE ISLAND RESOURCES PTE. LTD.,PS20190000942
SINGAPORE JIN HUA PTE. LTD.,PS20190000603
SINGAPORE MINT PRIVATE LIMITED,PS20190000863
SINGAPORE NUMISMATIC,PS20190000302
SINGAPORE PRECIOUS METAL REFINERY PTE. LTD.,PS20190001539
SINGAPORE PRECIOUS METALS EXCHANGE PTE. LTD.,PS20190000460
SINGAPORE PRECISION INDUSTRIES PTE LTD,PS20190000257
SINGDASING GOLD TRADING PTE. LTD.,PS20190000010
SINGZHONG TRADE,PS20190000133
SINKID PTE. LTD.,PS20190001424
SIONG JEWELLERY PTE. LTD.,PS20190000403
SIPI PTE. LTD.,PS20190001733
SI-THI AMULETS,PS20190000818
SIXTH JEWELLERY,PS20190001358
SIXTY SIX PTE. LTD.,PS20190000590
SJ AURUM PTE. LTD.,PS20190001334
SK JEWELLERY PTE. LTD.,PS20190000782
SK LUCKY JEWELLERY PTE. LTD.,PS20190001797
SKJ GROUP PTE. LTD.,PS20190000577
SKJ JEWELLERS,PS20190001585
SKL GEMS & JEWELLERY,PS20190000945
SKY JEWELLERY SINGAPORE PTE. LTD.,PS20190001494
SL JEWELLERY,PS20190000395
SL WATCHES,PS20190001139
SMALL ITEMS,PS20190000777
SMJ GOLDSMITH & JEWELLERY,PS20190000071
SMT JEWELLERY,PS20190000134
SNMK DIAMOND PTE. LTD.,PS20190000439
SOLANI JEWELS,PS20190000335
SOO KEE JEWELLERY,PS20190000578
SOOKNIYOM PTE. LTD.,PS20190000933
SOON HUAT GOLDSMITH PTE LTD,PS20190000589
SOON LEE GOLDSMITH & JEWELLERY PTE LTD,PS20190000749
SOON LEE HENG GOLDSMITH,PS20190001024
SOON LEE LAI GOLDSMITHS & JEWELLERS,PS20190000835
SOON SIN HANDICRAFT CENTRE,PS20190001262
SOPHIA GRACE & CO PTE. LTD.,PS20190001767
SOTHEBY'S (SINGAPORE) PTE LTD,PS20190000792
SOUTH STAR JEWELLERY,PS20190000130
SPARKAL JEWELLERY & ARTS,PS20190001120
SPIO PTE. LTD.,PS20190001044
SPM REFINERY PTE. LTD.,PS20190000606
SPRING JEWELLERY (SG) PTE. LTD.,PS20190000251
SRICHAKRA JEWELLERS PTE. LTD.,PS20190000500
SRICHAKRA STAR ASSETS PTE. LTD.,PS20190001649
ST MING SOUVENIR STORE,PS20190000989
ST. HANIVI JEWELLERS PTE LTD,PS20190001208
STANVIS MINERALS PTE. LTD.,PS20190000993
STARLIGHT GEMS PTE LTD,PS20190000537
STARLIGHT JEWELLERY PTE. LTD.,PS20190001790
STARON JEWELS PTE. LTD.,PS20190000409
STEPHANIE WONG JEWELLERY,PS20190000568
STRAITS WATCH COMPANY PTE. LTD.,PS20190000752
STRAITSDIAM PTE LTD,PS20190001256
STRINGWARES,PS20190001446
STROMWATCH ASIA PTE. LTD.,PS20190000232
STYLABS JEWELLERY,PS20190000215
SUAN HENG ENTERPRISE,PS20190001460
SUBRIN JEWELLERY,PS20190000305
SUI JING YU GONG YI,PS20190001564
SULTAN GEMS,PS20190000773
SUMARI INTERNATIONAL JEWELLERY (S) PTE. LTD.,PS20190001532
SUMITOMO CORPORATION GLOBAL COMMODITIES LIMITED,PS20190001360
SUMMER FASHION STYLE,PS20190000657
SUN HENG JEWELLERY,PS20190000378
SUN HOUSE PTE. LTD.,PS20190000906
SUN JI TRADING,PS20190000839
SUN RISING JEWELLERY PTE. LTD.,PS20190001372
SUN WENG JEWELLERY PTE LTD,PS20190000266
SUNLI TRADING,PS20190000057
SUNNY JEWELLERY,PS20190000475
SUNSET ANTIQUES & COLLECTIBLES,PS20190000981
SUNTIME WATCH PTE. LTD.,PS20190000524
SUPPORTIVE ENTERPRISE LLP,PS20190001495
SUPPORTIVE RECYCLING PTE. LTD.,PS20190001614
SUPREME CARE MARKETING PTE. LTD.,PS20190000182
SUTRA GEMS,PS20190000807
SVS INTERTRADE PTE LTD,PS20190000686
SWAN JEWELRY PRIVATE LIMITED,PS20190001224
SWISS BULLION CORP (SINGAPORE) PRIVATE LIMITED,PS20190000848
SWISS MASTER TIME PTE LTD,PS20190000884
SWISS WATCH SPECIALIST,PS20190000324
SYDDALL PTE. LTD.,PS20190001674
SYED GEMS PTE. LTD.,PS20190000960
SYMBOL TELELINK DEVELOPMENT PTE. LTD.,PS20190001221
SYNDICATE MANUFACTURING PTE. LTD.,PS20190001390
T5 PTE LTD,PS20190000697
TAI HONG HUNG (PRIVATE) LIMITED,PS20190000063
TAI LEE JADE & JEWELLERY TRADING,PS20190000699
TAI NIANG GOLDSMITH,PS20190000517
TAK POH JEWELLERY,PS20190000747
TAKA BULLION PTE. LTD.,PS20190000189
TAKA JEWELLERY PTE. LTD.,PS20190000620
TAKASHIMAYA SINGAPORE LTD,PS20190001432
TAMPINES JEWELLERY PTE. LTD.,PS20190000370
T-AMULET (SINGAPORE) PTE. LTD.,PS20190001763
TAN & FOO TRADING,PS20190000139
TAN KIEN LIP TRADING CO,PS20190000811
TAN TIANG HENG JEWELLERY,PS20190000277
TANIA INTERNATIONAL PTE LTD,PS20190000722
TANVI INTERNATIONAL PTE LTD,PS20190000667
TARA STAR JEWELLERY,PS20190000170
TASAKI SINGAPORE PTE. LTD.,PS20190001779
TAT LI JEWELLERY PTE. LTD.,PS20190000307
TATHATA PTE. LTD.,PS20190000148
TAULA PTE. LTD.,PS20190000181
TAVERNIER & CO PTE. LTD.,PS20190001672
TECK LEE DESIGN & SERVICES,PS20190000009
TECK LEE GOLDSMITH & JEWELLERY,PS20190000008
TECK POH ANTIQUE & ART GALLERY,PS20190001312
TECK SHING TRADING,PS20190001067
TEKKA ENTERPRISES,PS20190000149
TEKKA JEWELLER,PS20190000152
TEMPTATIONS JEWELLERY PTE. LTD.,PS20190001066
TENG HUAT JEWELLERY PTE LTD,PS20190000269
TERESE JADE & MINERALS,PS20190000361
TFG RESOURCE PTE. LTD.,PS20190001708
THAI FO YUAN,PS20190001598
THAT ID SHOPPE LLP,PS20190001333
THE BETTER DIAMOND PRIVATE LIMITED,PS20190000987
THE BLACK LIBRARY,PS20190001589
THE BLUSHY KITTEN,PS20190001117
THE BOSS JEWEL PTE. LTD.,PS20190001472
THE CANARY DIAMOND COMPANY PTE LTD,PS20190000612
THE EASTERN WATCH (2007) PTE. LTD.,PS20190000822
THE FINEST TIME PTE. LTD.,PS20190001145
THE FOUR LOVES,PS20190001407
THE GOOD LIFE CLUB PTE. LTD.,PS20190000918
THE GUILD OF STORYTELLERS PTE. LTD.,PS20190001479
THE HENG'S JEWELLERY,PS20190000310
THE HOUR GLASS LIMITED,PS20190001319
THE JADE LAPIDARY,PS20190001091
THE JEWEL BOX PTE LTD,PS20190000365
THE JEWELLERY FACTORY PTE. LTD.,PS20190000311
THE JEWELLERY GALLERY & TRADING,PS20190000101
THE LINK JEWELRY COMPANY,PS20190000669
THE PATHER JEWELLERS PTE. LTD.,PS20190001727
THE PIECES COLLECTION,PS20190001477
THE SAK GEMS & JEWELLERY,PS20190001459
THE SANDS OF TIME PTE. LTD.,PS20190000672
THE SILK ROOT,PS20190000410
THE SILVER TRIANGLE PTE. LTD.,PS20190001633
THE SINGAPORE MINT,PS20190001691
THE SPARK JEWELLERY PTE. LTD.,PS20190001331
THE SWATCH GROUP S.E.A. (S) PTE LTD,PS20190001469
THE TIME COGNOSCENTI PTE. LTD.,PS20190000499
THE VALUE OF TIME (ASIA) PTE. LTD.,PS20190001487
THE WATCH VAULT PTE. LTD.,PS20190000608
THE WORLD ARTS AUCTION,PS20190001721
THEN CREATIONS,PS20190001552
THOMAS SABO PTE. LTD.,PS20190001338
THONG SIA COMPANY (SINGAPORE) PRIVATE LIMITED,PS20190001316
THREE CROWNS JEWELLERY AND WATCH PTE. LTD.,PS20190000711
THYE EIK JEWELLERY,PS20190000322
THYE JOO JEWELLERY & WATCHES PTE. LTD.,PS20190000125
TIAN FENG JEWELLERY & TRADING,PS20190000444
TIAN ZHE LU NATURAL CRYSTAL,PS20190001554
TIANEN GEMS & JEWELLERY,PS20190000549
TIANFU DESTINY EMPOWERMENT PTE. LTD.,PS20190001344
TIANLIN JEWELLERY,PS20190001603
TIANPO JEWELLERY PTE. LTD.,PS20190000830
TIARA CREATION PTE LTD,PS20190000741
TIFFANY & CO. PTE. LTD.,PS20190000243
TIM FOOK JEWELLERY,PS20190001557
TIME ALLEY,PS20190000159
TIME MARQUES BEST,PS20190001028
TIME PIECES BUSINESS,PS20190000255
TIME STORY PTE. LTD.,PS20190001726
TIME STUDIO,PS20190000600
TIME WATCH MALL PTE. LTD.,PS20190001287
TIMELESS CONNECTIONS PTE. LTD.,PS20190000796
TIMELESS TREASURE,PS20190000576
TIMEPIECES,PS20190000238
TIMEX JEWELLERS PTE. LTD.,PS20190001077
TIN SING GOLDSMITHS (PTE.) LIMITED,PS20190000245
TINKERING PTE. LTD.,PS20190001051
TIONG SUN GOLDSMITH & JEWELLERS,PS20190000051
TJS JEWELLERY,PS20190001393
TOKYO SHINJU SINGAPORE PTE LTD,PS20190001008
TONG MERN SERN ANTIQUES ARTS & CRAFTS,PS20190001784
TOOTOKEI WATCHES AND JEWELLERY TRADING,PS20190000778
TOP CASH JEWELLERY PTE. LTD.,PS20190000624
TOP HOUR ENTERPRISE & DEPT STORE,PS20190001768
TOPKONNECT PRIVATE LIMITED,PS20190000521
TORNADO COLLECTION PTE. LTD.,PS20190000621
TOSCOW SINGAPORE PTE. LTD.,PS20190001417
TPJ PTE. LTD.,PS20190001160
TRADELINK EAST ASIA (S) PTE. LTD.,PS20190001709
TRADERS GEMS PTE LTD,PS20190000121
TRADERSPERMITS,PS20190001059
TRANS-OCEAN PTE. LTD.,PS20190001310
TREASURE COVE ONLY,PS20190001167
TREASURE GALLERY,PS20190001512
TREASURE JEWELLERY,PS20190001688
TREE AND BEE JEWELLERY,PS20190001283
TRENDY ASTROLOGY & GEOMANCY CONSULTANT,PS20190001275
TRICOBINO GEMS AND JEWELS PTE. LTD.,PS20190001622
TRINITY DE GEM LLP,PS20190001505
TRINKET COVE INTERNATIONAL,PS20190000040
TRIWAYS UNIGLOBAL PTE. LTD.,PS20190000653
TROUVEE,PS20190001357
TROY INTERNATIONAL PTE. LTD.,PS20190000726
TRUE SUE PTE. LTD.,PS20190000985
TRUST BULLION PTE. LTD.,PS20190000446
TSURA PTE. LTD.,PS20190000192
TU GLOBAL GROUP PTE. LTD.,PS20190000928
TVN COLLECTIVE,PS20190001174
TWINKLE ELECTRONICS,PS20190001090
TXY (SINGAPORE) PRIVATE LIMITED,PS20190001219
TY JEWELLERY PLATING & MANUFACTURING,PS20190000457
TYAN ANN GOLDSMITH & JEWELLERY,PS20190000183
TYCOON TRADING,PS20190000548
UBAIDULLA GEMS,PS20190000622
UJADE COLLECTIONS PTE. LTD.,PS20190000832
UNIGOLD INTERNATIONAL PTE. LTD.,PS20190001032
UNIQUE FINE PEARL & GEM COLLECTIONS PTE. LTD.,PS20190000913
UNIQUE GOLD PTE. LTD.,PS20190001774
UNIQUE JEWELS,PS20190000279
UNIQUE LITTLE PRINTS PTE. LTD.,PS20190001490
UNIQUE TIME DE WATCH,PS20190001783
UNITED DIAMOND PTE LTD,PS20190000338
UNITED GEMS & GOLD PTE. LTD.,PS20190000647
UNITED LUCKY STONE PTE. LTD.,PS20190000809
UNITED NUMISMATIC CENTRE,PS20190001465
UNITED PRECIOUS METALS PTE. LTD.,PS20190000646
UNITED THREE STARS PTE. LTD.,PS20190000891
UNIVERSAL JEWELLERS PRIVATE LIMITED,PS20190000013
UNLIMITED ELECTRONIC & COMPUTERS (S) PTE LTD,PS20190000931
UPP ENTERPRISES PTE LTD,PS20190000143
URELIANCE ROYAL PTE. LTD.,PS20190001541
USARIN,PS20190001073
USMAN GEMS & JEWELLERY PTE. LTD.,PS20190000954
V. DAVIDOFF TIMEPIECES,PS20190000823
VAAGAMI,PS20190000025
VALONA HOLDINGS PTE LTD,PS20190001336
VALUEMAX PRECIOUS METALS PTE. LTD.,PS20190000043
VALUEMAX RETAIL PTE. LTD.,PS20190000453
VANMY & GEMS PTE. LTD.,PS20190001348
VANMY JEWELLERY,PS20190001349
VAULT FINE JEWELLERY PTE. LTD.,PS20190001447
VECTOR GEMS TECH PTE. LTD.,PS20190001138
VICTOR JEWELLERY,PS20190000458
VICTORIA JEWELLERS ENTERPRISE,PS20190001112
VIHARI JEWELS PTE. LTD.,PS20190000394
VINCEES PRIVATE LIMITED,PS20190000716
VINCENT JEWELLERY TRADING,PS20190001094
VINCENT WATCH PTE LTD,PS20190001086
VISIOTIME PTE. LTD.,PS20190001298
VIVIE SILVERGEM PALACE PTE. LTD.,PS20190001131
VIVIEN DESIGN,PS20190001252
VIVO DIAMONDS,PS20190000412
VIVRE GEMSTONES,PS20190001228
VRINDA JEWELLERY PTE. LTD.,PS20190000871
VUUREN SOLO ARTIST,PS20190001000
W JEWELLERY PTE. LTD.,PS20190000218
WAH CHAN CONSOLIDATED PTE. LTD.,PS20190000247
WAH GAY JEWELLERY CO PTE LTD,PS20190000220
WAI CHEUNG JEWELLERY (S) PTE LTD,PS20190000996
WAI KEE PEARL AND JADE,PS20190001756
WAI YIN JEWELLERY AND GOLDSMITH,PS20190001123
WAN CHEN JEWELLERS LLP,PS20190000628
WAN CHENG GOLDSMITH & JEWELLERY,PS20190001095
WAN POA GOLDSMITH PTE LTD,PS20190000507
WANFOO AUCTION PTE. LTD.,PS20190001281
WANGOLD & JEWELLERS PTE LTD,PS20190000120
WANMEI GOLDSMITH & JEWELLERY,PS20190000678
WANSHAN JEWELLERY,PS20190000102
WATCH BUSINESS,PS20190000254
WATCH CLUB PTE. LTD.,PS20190000738
WATCH GALLERY ENTERPRISE,PS20190001096
WATCH GALLERY HK PTE. LTD.,PS20190001088
WATCH GURU SALES AND SERVICE CENTRE,PS20190000242
WATCH HUNTS PTE LTD,PS20190000169
WATCH LIBERTY,PS20190000291
WATCH LINK PTE. LTD.,PS20190001387
WATCH PALACE PRIVATE LIMITED,PS20190000105
WATCH TREND PTE. LTD.,PS20190000357
WATCHBOX SINGAPORE PTE. LTD.,PS20190001680
WATCHES,PS20190001687
WATCHES OF GENEVA PTE. LTD.,PS20190000563
WATCHES OF SWITZERLAND PTE. LTD.,PS20190001180
WAY ONNET GROUP PTE LTD,PS20190001012
WEALTH JEWELLERY INDUSTRIES GROUP PTE. LTD.,PS20190001701
WEALTHZONE SINGAPORE PTE. LTD.,PS20190001242
WEE LEE GOLDSMITH & JEWELLERY PTE. LTD.,PS20190001060
WEIKEN TRADING,PS20190000786
WELL LUCK PTE. LTD.,PS20190001501
WENG CHEONG COMPANY PRIVATE (SINGAPORE) LIMITED,PS20190001470
WENSUN ELECTROPLATING,PS20190001453
WHITE DWARF PTE. LTD.,PS20190001322
WILF DIAMONDS SG,PS20190001661
WILLIAM NG COLLECTIONS,PS20190000363
WILLIAMSON WANG FINE JEWELLERY,PS20190001610
WILSA WORLDWIDE PTE LTD,PS20190000693
WIN FULL JEWELLERY,PS20190001449
WIN HENG JEWELLERY,PS20190000418
WINS UNITED WATCH PTE. LTD.,PS20190001031
WJL JEWELLERY,PS20190000421
WM METALS & ALLOYS PTE. LTD.,PS20190001292
WONG'S JEWELLERY PTE LTD,PS20190000044
WORLD GEMS,PS20190000407
WORLD GOLD PTE LTD,PS20190001015
WORLD METAL RECOVERY PTE. LTD.,PS20190001273
WORLD OF DIAMONDS,PS20190000208
WORLD OF NATURE,PS20190000889
WORLD OF WATCHES 2 (ORCHARD) PTE. LTD.,PS20190001503
WORLD SAVAGE,PS20190000033
WORLDWIDE CHEMICALS TRADING PTE. LTD.,PS20190001404
X-CRAFT,PS20190001247
XIAN MEI JEWELLERY,PS20190000459
XIANG YUN FORTUNE ANALYSIS CENTRE,PS20190001565
XIN BULLION PTE. LTD.,PS20190001193
XIN CHUEN JEWELLERY,PS20190000404
XIN LI JADE TRADING,PS20190001406
XIN XING GONG YI,PS20190001450
XIN YING GOLDSMITH & JEWELLERY,PS20190000037
XIN8YAN,PS20190001738
XJ GOLD PTE. LTD.,PS20190000270
XYUAN DESIGNS,PS20190000398
Y Y JEWELLERY,PS20190000153
Y.S. JEWELRY,PS20190001461
YA LI GONG YI HANG WHOLESALE RETAIL,PS20190001430
YAJ INTERNATIONAL PTE. LTD.,PS20190000729
YALA PRECIOUS PTE. LTD.,PS20190001574
YAMAKIN (JAPAN) CO. LTD. (SINGAPORE BRANCH),PS20190001378
YANG CREATIONS,PS20190001787
YANG YI JEWELLERY MANUFACTURING AND TRADING,PS20190000223
YANHO LUXURY,PS20190001525
YAN-JEWEL MANUFACTURING,PS20190000988
YAP HOCK CHUAH WATCH REPAIR SERVICE,PS20190000894
YAT HAN JADE & JEWELLERY,PS20190000533
YATAMAX TRADING CO,PS20190000265
YESVE TRADING PTE. LTD.,PS20190001081
YEW SIN JEWELLERY TRADING,PS20190000637
YI BAO TRADING,PS20190001623
YI BO GOLDSMITH AMK JEWELLERY,PS20190000199
YI CHYI TRADING,PS20190001196
YI HUA XUAN TRADING,PS20190001555
YI JIN WATCHES AND JEWELLERY TRADING,PS20190000400
YI PIN QIAN,PS20190000031
YICHENG GOLDSMITH JEWELLERS,PS20190000379
YINEN,PS20190000663
YINEN CRYSTALS,PS20190000504
YISI TRADING CO,PS20190000859
YIU JEWELLERY,PS20190001166
YL JEWELLERY,PS20190000980
YLG BULLION SINGAPORE PTE. LTD.,PS20190001137
YOGESHWAR DIAMONDS,PS20190000570
YOK DEE ENTERPRISE,PS20190001719
YONG STEEL (S) PTE. LTD.,PS20190000690
YONG YEW JEWELLERY,PS20190001210
YOU CHANG JEWELLERS,PS20190000376
YOUNG JEWELLERY PTE. LTD.,PS20190001414
YOUTH JEWELLERY PTE LTD,PS20190000082
YOYO JEWELLERY DESIGN,PS20190000285
YU FAN FENG SHUI,PS20190000935
YU XING GOLDSMITH,PS20190000297
YU YUAN HANDICRAFTS,PS20190001416
YUAN RU YU,PS20190000959
YUE HWA CHINESE PRODUCTS PTE LTD,PS20190001375
YUE LAI XUAN TRADING,PS20190001410
YUEN TUNG JEWELLERY PTE. LTD.,PS20190000392
YUKI MITSUYASU PTE. LTD.,PS20190000205
YULI INC. - FINE JEWELLERY,PS20190000090
YUNFA HOLDINGS PTE. LTD.,PS20190001121
YUZHIYUAN,PS20190001780
ZAID AHMAD CORPORATION PTE. LTD.,PS20190000561
ZAKTI CONSULTANCY,PS20190001748
ZEN WATCHES PTE. LTD.,PS20190000819
ZENDORA JEWELLERS,PS20190000681
ZENHOE JEWELLERY (S) PTE. LTD.,PS20190000784
ZHAO FO HANG,PS20190001189
ZHEN BAO JADE & DEPARTMENTAL STORE,PS20190001706
ZHENG CAI YU XI GE,PS20190001537
ZI YU XUAN,PS20190001618
ZIGEMS JEWELLERY,PS20190000372
ZIY INTERNATIONAL PTE. LTD.,PS20190000642
ZODIAC ZEN PTE. LTD.,PS20190001761
